ruta,tipo,bytes,sha256
src/main/res/drawable/ic_launcher_background.xml,drawable,5606,ed423c73a6f40a4d2909f0901e60527b3a807cd59e1b5593bcaae1808b1c6321
src/main/res/drawable/ic_launcher_foreground.xml,drawable,1702,01d1a6a6c1234eb7fe270d097eb283d72b9c95ae5118886f1b6573aad280f1f7
src/main/res/drawable/ic_reminder_notification.xml,drawable,465,364a331072a66641878dc716119e457dea2116010fbc03f2e98cc3664fc7dc1c
src/main/res/drawable/preview_accent_button.xml,drawable,218,27db906f0c64889b4f02b3e7d2afb735c02895354fd45cc377b61af67b888b60
src/main/res/drawable/preview_attachment.xml,drawable,276,9be1969886cef3977a08a00fc85d689144d93b5794e8b2660256ee84c486211b
src/main/res/drawable/preview_attachment_dark.xml,drawable,255,969462bffb5336833c62abc9c0423b208a23a73c3511d9ecccd338ee1f7f77f7
src/main/res/drawable/preview_bg_header.xml,drawable,179,040ebaa833fa90bd2da92c6c69656e9b8af6c06954a80293cbd4546a962c2c28
src/main/res/drawable/preview_bg_screen.xml,drawable,179,0bc4c702aa3d820a5126634010612dfe646b876f72f840e3309601a82495c09c
src/main/res/drawable/preview_black_card.xml,drawable,219,e6f3a5a020358ac82154b22644105232d58992ddda32e299825cb3e53401a3b4
src/main/res/drawable/preview_button_dark.xml,drawable,318,262f90e696a958bcbd20331ac66628a4ba0ae95b71036a2d355b833f34ed042c
src/main/res/drawable/preview_button_light.xml,drawable,276,6bb270276e05b962e2bdc1a3354ad7f8906f99811a9b9a02282301adc5a61afc
src/main/res/drawable/preview_button_outline.xml,drawable,278,de3f203f09d8ed2fffd2f255e7e00cbd6e232c5c3c52d39151ab58565b81015e
src/main/res/drawable/preview_card.xml,drawable,219,656d68f2ec06fa1adaf6321e3e8f12580c047da6320d55c9299d15be18ca672f
src/main/res/drawable/preview_card_stroke.xml,drawable,278,ac0e13e10628f94309d3e553679c4c56b2ab80ded846e47b77c697d0c97aad16
src/main/res/drawable/preview_chip.xml,drawable,373,a3c1acef0a7cc52d1251a3202d664256d29891290b7981a7426a4757840dbef6
src/main/res/drawable/preview_chip_dark.xml,drawable,372,a807f8d8073337ff249df95c6b23622f638a6fb3ee826c3f9e96c9f87e8fd1bd
src/main/res/drawable/preview_chip_light_selected.xml,drawable,313,cc3258ebce19216d696499cdb2fa1c6d5d08d127a3647f4ca94cc1b55f72a502
src/main/res/drawable/preview_chip_priority.xml,drawable,345,5176e1855e9a43bfbe8dd5b725195f44249a555e4683f076854d9bf14e903bcb
src/main/res/drawable/preview_chip_selected.xml,drawable,314,9b7291039976df6c8c504617ff6822f2ee5a670aaaf3b977e52b516024af2b6f
src/main/res/drawable/preview_circle_base.xml,drawable,174,b92360292f67f2a57ad0d340e9ff06e6a64a2a265ec2ad652b0d8953a6324029
src/main/res/drawable/preview_circle_selected.xml,drawable,233,bb7e8874a07e8467793e1053a71af51a32ed240de6cc0d315f29a4416f5e3258
src/main/res/drawable/preview_control_bar.xml,drawable,202,ecfdbdf0d6abd2c3e2d1c3fd6772686f1581c2f720c14b80ffe647c623fe8a3f
src/main/res/drawable/preview_dialog_surface.xml,drawable,255,482f1c3e095391ab9bc5b5fbef5867b9d50659510c11cf14a8fdad9afbc7ddf6
src/main/res/drawable/preview_dot_charcoal.xml,drawable,230,24590876b7f6b06548a07005921b2acb4aecbb2773a6b45c659b4f666e599a4f
src/main/res/drawable/preview_dot_cream.xml,drawable,230,96abc63487f7801cd9f4fcb15777949614d1635cd1d7c3dd956544641b6900a9
src/main/res/drawable/preview_dot_cyan.xml,drawable,230,e69829e1927de8c6af0d4b8e9ed280dd8651f3f52b6337a9b940990c86f6c271
src/main/res/drawable/preview_dot_gray.xml,drawable,230,074e9b40e6f55293ea03964c123881eb1e6a5068162c557e4e8498dffb9ae1a7
src/main/res/drawable/preview_dot_lav1.xml,drawable,230,e1ce74929ae6282ff3591890bae03662501d40bf30dd0c307da03ed8e682f72c
src/main/res/drawable/preview_dot_lav2.xml,drawable,230,5b41f4cb033b158d52225909a1ccaefc8f11da91342d6f64cded3a916c3ade47
src/main/res/drawable/preview_dot_lav3.xml,drawable,230,46a81e5d01bc6f3400b3fd2810c316cad9b3226bffc0ad56d93818a396bb1e0e
src/main/res/drawable/preview_dot_lav4.xml,drawable,230,4f976d4996180ea252d8668250754381d2829b44f1b6bdd96168772024649af5
src/main/res/drawable/preview_dot_lime.xml,drawable,230,274d21bac81a1a3b71cc2076e535c72058df86e9d561f5591bc6bd4d0b6b1a64
src/main/res/drawable/preview_dot_neon_pink.xml,drawable,230,08dedfe7305a95a1f7d983f821ee7c9bef1a4b8b7fd61483f82350ed604340a2
src/main/res/drawable/preview_dot_orange.xml,drawable,230,84beebfd66bc66934f2099b4335b7680eb26f20289d774d058c65809c1bae426
src/main/res/drawable/preview_dot_taupe.xml,drawable,230,53102441235e1695f20c6bfac4b1d5982d95749d963a3b56ef69250a72a26ba6
src/main/res/drawable/preview_field.xml,drawable,376,21aa4209ea08be63b61ed285397c4a131f48c80d3ebd4fc3ce3d2712268ab3cd
src/main/res/drawable/preview_field_dark.xml,drawable,276,196fe8e58efbec450ecdc967ba56a0a2d2bbeca914803f0a0169bd5effb9046e
src/main/res/drawable/preview_ic_add.xml,drawable,313,9d7e6c6b6b2d73f0f550f5bb90a4aa298fe815886594dd9605b2ee2bcc90e74a
src/main/res/drawable/preview_ic_arrow_back.xml,drawable,340,28bd6f8af884f5cc615e8d5217ad3ab3e583e3747494f22dd575cbc8916504e0
src/main/res/drawable/preview_ic_check.xml,drawable,328,d848e0eaee3ee45fc22536f40536ed0581964322ec724f45a0e8dc4e6cb0e5a3
src/main/res/drawable/preview_ic_delete.xml,drawable,388,11c39be7b6c5a585ab38150bb01ab35a7c5c36a856bbc78cf7f78755867b9dbf
src/main/res/drawable/preview_ic_edit.xml,drawable,430,e586750dce93a97f3c20736e531d6db65c5562ce93f8ae435d3668eafe532a61
src/main/res/drawable/preview_ic_file.xml,drawable,401,d365730b915106de1ba51e960c146e2f9853f4615f38dfa489803dcb58fdda18
src/main/res/drawable/preview_ic_image.xml,drawable,410,5f4b8f634585fd2bb6646467210ecfd9fe20078bcec21f32c0becc9ffcab8295
src/main/res/drawable/preview_ic_mic.xml,drawable,483,a4683b5a680b71953cef63d268fc720ccac1234719f4595ee4291e397987ea94
src/main/res/drawable/preview_ic_more.xml,drawable,458,dea16a9e7ec067d7f30d7739613da10ce199bfc0b88ac9538a4ed60ef962d4c8
src/main/res/drawable/preview_ic_move.xml,drawable,465,b134d27b3a33a8bc5da036afdbab58acf9c04a9132ae38b0240ca2c03149b23f
src/main/res/drawable/preview_ic_music.xml,drawable,315,091ca907c4e54655375c9769eb8288b0d727e009f8c9db5f7afd0bb322e8693f
src/main/res/drawable/preview_ic_palette.xml,drawable,792,064b7d6e0246ad2c287d7208562d0ebf8f8fe6c60aa7b1e78b01420cf8abad2f
src/main/res/drawable/preview_ic_person.xml,drawable,401,d1589be6f78ec7873ea4fd6082d71064ff35d720df622f8e2cb2fb3f0915c99a
src/main/res/drawable/preview_ic_pin.xml,drawable,326,e4b93cf3562d3db51a4a18bf5893fe8c693e66f503925d73c0e5dda256c1fb97
src/main/res/drawable/preview_ic_priority.xml,drawable,312,3974804699f267b19547dca4568c65e60d3b244e40ee94d5817c9bf93684c783
src/main/res/drawable/preview_ic_search.xml,drawable,442,e3f0eea09fe11227ed7bcfe0107611aafab2b8f0803f7fa6cd251c4dc5f0e432
src/main/res/drawable/preview_ic_settings.xml,drawable,1096,46fb22eb5db1e6c1f8fcc3d52f58da9aa81afe420482867f3cc4bdeb20e96503
src/main/res/drawable/preview_ic_star.xml,drawable,369,99d55c823ee01c33f3b6c4ce4edcd18045f01d5cf2c76592eb84b073bad50321
src/main/res/drawable/preview_ic_star_border.xml,drawable,481,ccc84c12acd02faa8f30b3654eeb370442963d2f2092156a2f70432eed6d2e54
src/main/res/drawable/preview_ic_video.xml,drawable,386,463d89bf41dc2003baaca76436dfb52576502dcac1562cae38cf58a7dcdbb0ac
src/main/res/drawable/preview_light_group.xml,drawable,255,162fa47cc4c4a6cc40a0095e0cb98519be84b4a30066ed6c4ab3402efecfddf8
src/main/res/drawable/preview_link_card.xml,drawable,217,a22cfa96a4eb42f4755b0d9c9f0c69d5e96927a72e9a350cdf3512b91997f11e
src/main/res/drawable/preview_media_audio.xml,drawable,279,48862bffdc8973006aa04a274c38d2d4761be76e138773d1ddf3cd9a23573b6d
src/main/res/drawable/preview_media_document.xml,drawable,179,b10ddfa5baab1666b0100788383d37d2525c08e2160ebfc3ea9bee095a0b0f2b
src/main/res/drawable/preview_media_photo.xml,drawable,308,f8e6189aede8d528066cbeac563a56a29854164e6152475fddc3c1e3426f3ea3
src/main/res/drawable/preview_media_video.xml,drawable,264,e96aae5b8de50dd314dfe0263ddc57ee0a8a849140b5a63dcf480a3e090e2388
src/main/res/drawable/preview_menu_popup.xml,drawable,276,51845d466858f7e253bd5245cf675b1dc7f5961e0dfe9d54a34a4a02bd095fe7
src/main/res/drawable/preview_menu_selected.xml,drawable,179,203c50d0d7fd818cdad4f8742086cad832a81b6c6c4208780dcc4712421b7357
src/main/res/drawable/preview_note_dark.xml,drawable,217,e44e8feb949e11d0f159cff77575902674766a7f5f57adee953380d9bd81831c
src/main/res/drawable/preview_note_light.xml,drawable,217,5424f9015c6cdb937c8480d1716d40dcdbe4fe7ed418d41dcc3539fb49622097
src/main/res/drawable/preview_palette_card_selected.xml,drawable,276,6cf46617675956af0e801615c7d46e042b13a647c6e16b82da0457f4e429a422
src/main/res/drawable/preview_pdf_page.xml,drawable,254,76383e82faf69c1e22e576d2f8872d24cd6b0e1a8f6737d33e31f466b81fb476
src/main/res/drawable/preview_screen_editor.xml,drawable,179,d67cee8c3d395443d31a072323ce48730806da579ec94ddaa599ae7769aae8c9
src/main/res/drawable/preview_screen_home.xml,drawable,179,261996bff49305b99221d409c1daf8f34e09b3a471fe07707260ae7dd1ca76cf
src/main/res/drawable/preview_search_dark.xml,drawable,276,29b988bc17c0ec6facf78521c8a6af069892fc0437ad2d8370bdc77a46185b0d
src/main/res/drawable/preview_settings_group.xml,drawable,255,a175a3605e614a2c6951daefa44d4b92629a90080bf8341f63eb0d9ccd368802
src/main/res/drawable/preview_settings_panel.xml,drawable,217,2082f1b07fb17140f6c55c5a98da35de184209b536950a256cc86c69b963b70d
src/main/res/drawable/preview_slider_progress.xml,drawable,218,9ca9dd9366a889aeeb451b3fd15875c06325d8f6ea5ebcd4b8fd98ef2fac30f1
src/main/res/drawable/preview_slider_track.xml,drawable,218,df22189297279ff16a987baff89506ed408bde62b18c587bcdec555e719ffe28
src/main/res/drawable/preview_small_selected.xml,drawable,255,059312bbfd7998d359bb2ed32c7709610f2203b0b5f371db1e5d181fd5604c8d
src/main/res/drawable/preview_small_unselected.xml,drawable,255,c0ce829ebef797dd4cd4038ffd970e9a18b96b5d1f0a526ca8a58363296a1fd5
src/main/res/drawable/preview_surface_dark.xml,drawable,217,06788e9b46698fba186cce90fbedb0256e42e4e769ae6cdc4a1df0b1940907f7
src/main/res/drawable/preview_surface_dark_stroke.xml,drawable,276,e385beddfa99d0ad6d00d524a0cc36887c49b0568258c42f8ff8869e6fa03d30
src/main/res/drawable/preview_switch_off.xml,drawable,202,0aee640b8c1894ab6de442afde7984607aff66a19e86ab1847949aeb6c9c4894
src/main/res/drawable/preview_switch_on.xml,drawable,202,68da6228761d4980a657e02abf2d3263e17e0ffd11b22f2c2949ae1dc6ad9912
src/main/res/drawable/preview_tag_personal.xml,drawable,312,bf0f72238afb1ce2cd5157d6d0dfba08481e774795f4ce8941ede95ff33461e3
src/main/res/drawable/preview_tag_work.xml,drawable,312,637df967041101ac79cb2b4b0614db587e18f4da2330d491fbe43cbe99038596
src/main/res/drawable/preview_thumb_white.xml,drawable,165,30917bb7784db22389fb09835f702af8e93757b0caf693c1beac939596f175c7
src/main/res/drawable/preview_translucent_panel.xml,drawable,280,86493c1796a24d6a887025abb308db175939918b0c77e6599389f53cbe8147a2
src/main/res/drawable/preview_video_surface.xml,drawable,202,8def33476538df0b7d9f9f84aab2410db304e67b883897a48f31193ba625413c
src/main/res/drawable/reminder_notification_accent.xml,drawable,218,9779ada928a66f9f9a11c4a4b12af37b57de6a67541c895f8e16cbc9061b8bab
src/main/res/drawable/reminder_notification_panel.xml,drawable,219,3db2cab881bb6dc05d2f00df07e8ad3de428b78e96d2d46d8147132b9a7fa6e7
src/main/res/drawable/splash_window_background.xml,drawable,859,2fe415b04346d7092f9467bc53d10f594b791a9c7c427ee5978306db2797c63d
src/main/res/drawable/widget_action_background.xml,drawable,337,d678b3370556ca24a4e58514cc6764b3520b4c0dc76a1340f9727bb0e547874f
src/main/res/drawable/widget_action_circle_dark.xml,drawable,237,2bb50904cf0cfd3dfbfd6e57f08c33c0c18b040e7717965bc5be827f5d704280
src/main/res/drawable/widget_action_circle_light.xml,drawable,237,b42482b8c8525385b5c997b147441cee04fbf19c2127b639a4c102edea824e0a
src/main/res/drawable/widget_action_primary_background.xml,drawable,337,91a8a84b2ca94f87d850e8a7d50b0f9ff144a39f0fad0d4a4a8d06b6b7886667
src/main/res/drawable/widget_action_primary_dark.xml,drawable,176,3809485d2a2796c1af53667718004ef7873c7af6868a5e1d29afb4b00a7ea81d
src/main/res/drawable/widget_action_primary_light.xml,drawable,176,500d2a02ae63e18bc7eac7ff7367fe9c21e377dfcfeff8401aab675af112cdca
src/main/res/drawable/widget_background.xml,drawable,369,f4731d138ac1bf26ecd2b2806c5bb9bda9da9c21b31a4ffc655990330d7add48
src/main/res/drawable/widget_badge_background.xml,drawable,219,efd342b1e5f7a54653c5c2b3cab0480ba80f261eff2feda326a6c11e372e5add
src/main/res/drawable/widget_chip_dark.xml,drawable,280,d364410e5f5782bd7c50d427408222c788047868b088df6db768c69e42d7f86c
src/main/res/drawable/widget_chip_light.xml,drawable,280,cca1ab4b1292dec00c5e1b1b5f8e8359ff10dbb16eee2c7ab033e4d5cae24047
src/main/res/drawable/widget_collection_background.xml,drawable,337,040dd44027dad2d6828eebc30e2c837931502fa89bd7c0a1a9be2570ccaccf17
src/main/res/drawable/widget_count_pill_dark.xml,drawable,219,3444215af054deec7c6ee55c2e5d54495798f2b0c694df8d22458392eb664120
src/main/res/drawable/widget_count_pill_light.xml,drawable,219,4d01b102357939350ecad5a291888d50d89c6ea9c2479ab0887f5d0c1e731132
src/main/res/drawable/widget_detail_card_dark.xml,drawable,280,453d567106459df0bc590a198ceb39396ecfc64f931b770beac967a3d17ca7ac
src/main/res/drawable/widget_detail_card_light.xml,drawable,280,6da314a70b8a677162803b054787305b23e48b461001737081ff440a1b6a0200
src/main/res/drawable/widget_focus_background.xml,drawable,369,ccc11c1fd79574d4532104e8a1bef8f4f1c89f9040f508045e445f6fb41f1162
src/main/res/drawable/widget_ic_add.xml,drawable,273,08578b9aa7d79747ecea82b12c319172084bd7e2e1c51afe0ecd40f9796f1012
src/main/res/drawable/widget_ic_file.xml,drawable,287,ee0b92137c65470a7acd3d97fc59649a241dfdc902f2099a5550aafd40a1c5fe
src/main/res/drawable/widget_ic_grid.xml,drawable,288,53c68eef7ec0eb1f7d20dc962b76b13368c984d51bd2915022e5e00e1377b4da
src/main/res/drawable/widget_ic_image.xml,drawable,382,8c22164a482ed6b85b344cb10b41a9768f10feb341baeeafe4ccca7fc5dad308
src/main/res/drawable/widget_ic_person.xml,drawable,314,faf71353e822b423d37759f37ead86fff60724ece5269d3eb40986d46787719c
src/main/res/drawable/widget_ic_pin.xml,drawable,288,332f4732ccd62bad41f36ea85687ae4f2575797a56b8afd18c0bb59223164230
src/main/res/drawable/widget_ic_pin_outline.xml,drawable,288,b8d903664bd07c541800d0a5f18afcac73ea34c204e4326d14f787df136a7035
src/main/res/drawable/widget_ic_search.xml,drawable,364,e32ceaedb52f19ec5ba8a1d62f122a3bc99df9493380050618b050599a0d10ce
src/main/res/drawable/widget_ic_star.xml,drawable,336,51a1d925b2d202beeb903ec828f67bf8459ba893a877620519576469ea88dc51
src/main/res/drawable/widget_ic_star_outline.xml,drawable,432,250a3de1b71ce34226a31845b29fa193d558b7f48730870e9e15ef8ebbac9108
src/main/res/drawable/widget_ic_work.xml,drawable,338,8b376280b731d7388f9a272d77af4c27cf6c98fb9a2fa97a690e8685c56d6fed
src/main/res/drawable/widget_icon_circle.xml,drawable,294,171829d7157d30ed2465310110ec7945ef68c5fbc315b4d2833941e180f8c62a
src/main/res/drawable/widget_metric_background.xml,drawable,280,eae9967f05cfb36f3cb1160f4d7f491c13ba66eef88fc82014854a84b22fcab5
src/main/res/drawable/widget_metric_card_dark.xml,drawable,280,5ecc024af08253cc4cb6dc11e9f14a5e408f67d2e443620ab6339730a07f84dc
src/main/res/drawable/widget_metric_card_light.xml,drawable,280,006bbaaf33d51ee23af9e2963a584e817147163c47443bb8616cab8ced730c2b
src/main/res/drawable/widget_note_background.xml,drawable,335,d91d3c605d3834713f14b6564296a54f3fa59ceddeaa179f6d4238bf8843b4b7
src/main/res/drawable/widget_note_background_favorite.xml,drawable,335,2f1aa0c7822725a29520fa9b3d2e945f7b6d3badad52b6de35bb616c9d4169b5
src/main/res/drawable/widget_note_card_dark.xml,drawable,280,aabe6d76586e77883c9508bebdefdc294e88b411601f1f54e75523ae780402f1
src/main/res/drawable/widget_note_card_light.xml,drawable,280,caf2ae2648f01cc88f65d1bd2a060d77aece42c933850a8b1c971a7036e382f1
src/main/res/drawable/widget_palette_blue_0_root.xml,drawable,278,8b0eea020515ffd3faab01e85d57cce10c8485474a2d1ef323789fecbb459bf2
src/main/res/drawable/widget_palette_blue_1_root.xml,drawable,278,ff072a6af692c73ad5106fee58912048b00ead972459d605fbd084ce771c7959
src/main/res/drawable/widget_palette_blue_2_root.xml,drawable,278,a23a89e5362b81accba29ae19e2412deae7d5a5011407e6ddf5db360f7dec4d7
src/main/res/drawable/widget_palette_blue_3_root.xml,drawable,278,cb40e79395dbcca5c317122b493b47fbabef655ea2e1b821deb69ecedc2b5deb
src/main/res/drawable/widget_palette_cherry_0_root.xml,drawable,278,b9dee0498e3b258a5539714277bfae283594dc5b5811be766ae3d74fce30f5e3
src/main/res/drawable/widget_palette_cherry_1_root.xml,drawable,278,992d816ed0f0cd63ffded91d56e29390d4783fd451903aa3b21ddd1108ce7b94
src/main/res/drawable/widget_palette_cherry_2_root.xml,drawable,278,1d057f10988b04f7d5c7d64488c2de155f0a5228b0a37e74119e44fe2a86f687
src/main/res/drawable/widget_palette_cherry_3_root.xml,drawable,278,955f00534b41e52b4a1fb5f47af0242812840be8dabc1ef5e7684c5a7111d716
src/main/res/drawable/widget_palette_classic_0_root.xml,drawable,278,4dc8ddf9508f503d59f9d6845571811bbcc4eb60e6cca6e4d04fc37a2b094576
src/main/res/drawable/widget_palette_classic_1_root.xml,drawable,278,1c774ec7aca9f415230e3c12d4e3ad3175f5d0b144b52fdacc03f5cfd52da0ed
src/main/res/drawable/widget_palette_classic_2_root.xml,drawable,278,31dc878dea2d0e390349ee97b192602e94c8178064402c6912c91f7f62dcb0fe
src/main/res/drawable/widget_palette_classic_3_root.xml,drawable,278,fd78aadffd5d2ebd8fa7b03b11f3a73528f4951f1d80a7655eb4e7ba5399d2ee
src/main/res/drawable/widget_palette_coffee_0_root.xml,drawable,278,b290ad0a7a2249e2839503c9cc10d7d78fd2dfbc8982831c94f6d136e6d41b77
src/main/res/drawable/widget_palette_coffee_1_root.xml,drawable,278,f916af25c16ead2eda5074d862a0efe560c3ad2ad9621a8192d9850da078f313
src/main/res/drawable/widget_palette_coffee_2_root.xml,drawable,278,54e983ee3fdc5f1e51114c681abea6c9cad20702aea4fcb48a3db84f2d5d9a31
src/main/res/drawable/widget_palette_coffee_3_root.xml,drawable,278,39c7c01ad2bd6f95f047670a07785e777a5b89cd5d6eb1fb837460a55d5cca97
src/main/res/drawable/widget_palette_coral_0_root.xml,drawable,278,636340a40dd9623b2999ad60d438581808d98c85cd850e6bb45c8d39ba901274
src/main/res/drawable/widget_palette_coral_1_root.xml,drawable,278,ed7514cebdab9558eae321c8bf32529029b789d4dca2e67ffb4079d6d71be2f7
src/main/res/drawable/widget_palette_coral_2_root.xml,drawable,278,ac2e5b0bac87e86184166706e53b7bb6f9b84ee3501a636b259dfa22e0065a31
src/main/res/drawable/widget_palette_coral_3_root.xml,drawable,278,abd7e6966122efec82fd8cfcfdca462b16409fae912b0caa0ff8b2925af32ebd
src/main/res/drawable/widget_palette_cream_0_root.xml,drawable,278,5d3c8f3f1e43a503fabb465c0fc70c2b2be3014c0f14f4fabd3235e22c50301c
src/main/res/drawable/widget_palette_cream_1_root.xml,drawable,278,65c8ee32f7d6026e22fc057e63c98a5b9ca7618b71d2aed5a8b07fcbf24f3cfe
src/main/res/drawable/widget_palette_cream_2_root.xml,drawable,278,fde635989bc6b3855726d5bf613bd7206dba6208620ba0d872c035d6ea6e23af
src/main/res/drawable/widget_palette_cream_3_root.xml,drawable,278,87a35ed0f143ca72a92bdf88502ef143d47cc72979d41c98ae1b11324ed907aa
src/main/res/drawable/widget_palette_cyan_0_root.xml,drawable,278,f952ba66b3d7053b19f9197462ed2d253a1ff385539dc3e97149105b28c0a569
src/main/res/drawable/widget_palette_cyan_1_root.xml,drawable,278,f71933f6fc205fbad1c9620e7f1460b24abb9053b85e8543dcd814421b4f3799
src/main/res/drawable/widget_palette_cyan_2_root.xml,drawable,278,031d7b3393cf5c8327cb3f953e40fa21a8fdf35e4ec4b5b4f9b063cf8bf52634
src/main/res/drawable/widget_palette_cyan_3_root.xml,drawable,278,08f349dbe0a0e3d6cd2d614ca25649af7af1efe64ac3d3b253eacae76a9c7384
src/main/res/drawable/widget_palette_electric_blue_0_root.xml,drawable,278,aeac8cb9629eac0c4b2a194e5be623971726180c5bcb8bac44c04d76b0b9d6fb
src/main/res/drawable/widget_palette_electric_blue_1_root.xml,drawable,278,6daae6725e618298509bbefef1da1a4f12d325e37e222c99a95a8ca0c32c0949
src/main/res/drawable/widget_palette_electric_blue_2_root.xml,drawable,278,5987964eb3c70964fbce3501890731e0da048fd8fec455a66dd50c678356152e
src/main/res/drawable/widget_palette_electric_blue_3_root.xml,drawable,278,0c6832659340203e3a45056aac5b04b326e9fd7b82567bdec4e80706d4ca65ef
src/main/res/drawable/widget_palette_electric_cyan_0_root.xml,drawable,278,5b5690c882d92d022c3371a9e11c2e35c585510b62fa8ee78585fa7ee949f148
src/main/res/drawable/widget_palette_electric_cyan_1_root.xml,drawable,278,304422fe2dd0da0b46c24755bc54b3875a497ae2ef08a738f8e84467b92074d7
src/main/res/drawable/widget_palette_electric_cyan_2_root.xml,drawable,278,78ac59db71b5733d164419b4c657f2388bdc1fd2b6c6f6be5270c5efddabcac3
src/main/res/drawable/widget_palette_electric_cyan_3_root.xml,drawable,278,58a4c0bf4d46b6f759e7d5b8ac03569a5fbecfb008f167776dde7e5a16d93237
src/main/res/drawable/widget_palette_emerald_0_root.xml,drawable,278,9a0d326b0c05dad7db5c007a09fcb4dc34e9e255df9e4cc66891327699a5fb6f
src/main/res/drawable/widget_palette_emerald_1_root.xml,drawable,278,5d6afe6803818ed1d212cde279a742f6843046dcafa939b9ab4fcf55ea8266bd
src/main/res/drawable/widget_palette_emerald_2_root.xml,drawable,278,fdd6cb8d066c9fa5e7da5e6b1e7040976e3cf2fe601c97ab4c559dfa63c2e0d5
src/main/res/drawable/widget_palette_emerald_3_root.xml,drawable,278,35bf1afbcf98aa9b911c7b9c664e9288da543cc45ca9b3c5c6a065c5f1a0bfa0
src/main/res/drawable/widget_palette_forest_0_root.xml,drawable,278,e379485c9543736bbea759799c1e0f8d92896b1f889308e4b3c245630e909090
src/main/res/drawable/widget_palette_forest_1_root.xml,drawable,278,13cc944bb724126ef6ea8d4be64a2bac10ee2fc73f778639e5c9138e282d187c
src/main/res/drawable/widget_palette_forest_2_root.xml,drawable,278,2f73120e922ce0be4f2f87ee8f00d04308cc17dce291c35da04aebddd108d5cd
src/main/res/drawable/widget_palette_forest_3_root.xml,drawable,278,dd4ca3e2ba28902325fe78770ca0628134abe3e6585add8d38fe93f3d00b2e36
src/main/res/drawable/widget_palette_graphite_0_root.xml,drawable,278,9f8b3c5d923a017f4e6742cd5a37751ddbef3e26275e3d897c14d476091ac7c6
src/main/res/drawable/widget_palette_graphite_1_root.xml,drawable,278,c74ce4cb3670c455c3aea1425eda993651aafea4c4a192f0bc837c68616f6cb8
src/main/res/drawable/widget_palette_graphite_2_root.xml,drawable,278,25fb9c1cedd982ee8d82711690f7f0f0a7d0791a6daab2af0484ba60c482587e
src/main/res/drawable/widget_palette_graphite_3_root.xml,drawable,278,8505e4f5a9888cad7f9e9d796f5ba706b4bfe0b16f2ac0f6b12ee1e8befda60c
src/main/res/drawable/widget_palette_green_0_root.xml,drawable,278,d92cc7e9b4850d430c95eb93f097aa157b41151e9e23626870d67a38aabac5bc
src/main/res/drawable/widget_palette_green_1_root.xml,drawable,278,c13e0e6ac270cc823829bab6a246f042d4e0a65e88f647f8f7371fe6383c5050
src/main/res/drawable/widget_palette_green_2_root.xml,drawable,278,97d75d5debdd2079dc32c93317d2bdf46f73206c1022bc99181b0943cab0534b
src/main/res/drawable/widget_palette_green_3_root.xml,drawable,278,082c0f1c13990ebb4f70c3665455236c5f808f90f2f64ee7aa06b2222e64bdac
src/main/res/drawable/widget_palette_ice_0_root.xml,drawable,278,ee28515acd83d4974df4f8819eed06c4d45d095831bdba343e0ee978a0c42843
src/main/res/drawable/widget_palette_ice_1_root.xml,drawable,278,774b744bef5468727868d120d22e73c09bde6d2200a0412719e02a24583b529e
src/main/res/drawable/widget_palette_ice_2_root.xml,drawable,278,fdb9358d7704e6dec14f12199ac6dc22012c824a36b9b19c1a5e6f0e15f30589
src/main/res/drawable/widget_palette_ice_3_root.xml,drawable,278,b2771bd1ec8c2867018431856ecfa36f7be485610f283a07399fbe3d44568cb4
src/main/res/drawable/widget_palette_indigo_0_root.xml,drawable,278,26a15482b93ede7d1818c33d601049b97add16fd24381d186c1494da633be4da
src/main/res/drawable/widget_palette_indigo_1_root.xml,drawable,278,67632e3f87bac7f145d6fc6d452fc2dccb526a72e58bc4c89169e3b89b5f1e40
src/main/res/drawable/widget_palette_indigo_2_root.xml,drawable,278,278ca6a659f1498c90679228593bc1cbd47cf0efa4ed9d54d61a3b847e0005af
src/main/res/drawable/widget_palette_indigo_3_root.xml,drawable,278,4a8b1a4f050e4240f38463e9ee085058900b97e13c3862a0f2e8915c48f9b729
src/main/res/drawable/widget_palette_lavender_0_root.xml,drawable,278,b7497d3cb753d301a74a9f6fc8f9d3019e3ccb4b548da464e4a4a8860e14a364
src/main/res/drawable/widget_palette_lavender_1_root.xml,drawable,278,d21a739675dba50e4075df798b747f263e5cf577731204ff4a379389f8257fdd
src/main/res/drawable/widget_palette_lavender_2_root.xml,drawable,278,3ba5b94d6556a86c9ea7df161747dcaa81041cc3c7eaa49d26defb083bc6d64f
src/main/res/drawable/widget_palette_lavender_3_root.xml,drawable,278,c4dadd8e95ce1da375741b4cbbbe6a7901fdc8d32ddc39360cb1eeb4c00918d6
src/main/res/drawable/widget_palette_marple_0_root.xml,drawable,278,c13dfb88c186e6783f535e1df5c05b5640f04f3ed2bb7cacc48ebd8dae5d5166
src/main/res/drawable/widget_palette_marple_1_root.xml,drawable,278,52f4cd4aeb8ff96828753c0fe00992a3c3eea90cab0126c6e20ea4f29acb7b3e
src/main/res/drawable/widget_palette_marple_2_root.xml,drawable,278,d914819e9f9d70321c19cf16730af6ab7a5d9c3aa2b35ce1ef760a1eeecc1e87
src/main/res/drawable/widget_palette_marple_3_root.xml,drawable,278,2de5285ee57936829ca9fb9a5f59320bbc7e3af0817356d9643a188514bd53a7
src/main/res/drawable/widget_palette_midnight_0_root.xml,drawable,278,d9e1a03e5e1650e7573ac40547c6a3d6593b739d15e4397dec072e6109da732b
src/main/res/drawable/widget_palette_midnight_1_root.xml,drawable,278,38321ca52f564dac8907aa1874690faf6d6e0ac51733b4ca7023d6d05b224fcf
src/main/res/drawable/widget_palette_midnight_2_root.xml,drawable,278,e9c5a13bd1f3a68925dbe241ee3312aef224927036497c8c0bea84ccad176820
src/main/res/drawable/widget_palette_midnight_3_root.xml,drawable,278,e4d9dc220d814a7339f14f1e95f0553e397785e376ff020fe3e78e8dc5cb2c83
src/main/res/drawable/widget_palette_mint_0_root.xml,drawable,278,cb95fc496cc6113261c2acd6080de836b57ec5696a3043c5e7f5ad8b50968e7a
src/main/res/drawable/widget_palette_mint_1_root.xml,drawable,278,16aa64b21f08abe4ca1fd2a3135c0907c8ca1a5c9c7c82fc34ad5972872053d7
src/main/res/drawable/widget_palette_mint_2_root.xml,drawable,278,48679b83c3cbf484a6f3d6b2953cf0addd9857f34136dd61418d963abe795541
src/main/res/drawable/widget_palette_mint_3_root.xml,drawable,278,d9fba8fedf1c4182bb3d8bbf334e7bf21cee0d166b15b6c65d48418f87c0b851
src/main/res/drawable/widget_palette_monochrome_0_root.xml,drawable,278,197214d30a10da75507696c253b6d704a5e8d21dfcbc8acb40d6621e00b9cff1
src/main/res/drawable/widget_palette_monochrome_1_root.xml,drawable,278,d280627f62d81f618ea2db5e5b14054a5c0bde23db7557c0ee119612d45425aa
src/main/res/drawable/widget_palette_monochrome_2_root.xml,drawable,278,fab88c302dd8ee89845f84ac6d469dc8cf32107a72ba5949ac2ee777f4385673
src/main/res/drawable/widget_palette_monochrome_3_root.xml,drawable,278,91ec4ad171172cd29f811e49293252d9dee9bf3813c9920f99bc178d2a83b356
src/main/res/drawable/widget_palette_mustard_0_root.xml,drawable,278,f1b2242563dbf6325711e0984d4b34de18b71f3b6470d9b839e9e07d1a54fc32
src/main/res/drawable/widget_palette_mustard_1_root.xml,drawable,278,62bf4ca0c8dbe137fc2792254b53efed371da74f7de73955f77b34b5b068f635
src/main/res/drawable/widget_palette_mustard_2_root.xml,drawable,278,f7c1558fe4190c0caa6b031c22117d45e8f1a20b3fc075efe11e177b69384352
src/main/res/drawable/widget_palette_mustard_3_root.xml,drawable,278,1105e993d0b3d48cb81a2bf9b72625299b2ca9728e29a9a915c8dde6fdde6b82
src/main/res/drawable/widget_palette_navy_0_root.xml,drawable,278,f3308faf94a9f0ce0ecd75d0828339843d6fdc962de304a029c12078f351b8ab
src/main/res/drawable/widget_palette_navy_1_root.xml,drawable,278,5be63e2450dbe5854d4f3eb1d42b45fdb77266716ca88f8991bd8e7cefeafc12
src/main/res/drawable/widget_palette_navy_2_root.xml,drawable,278,ea61501639ce1ba91eafbc552ff93a1e9a92d58139754e94b164663ab2129c5b
src/main/res/drawable/widget_palette_navy_3_root.xml,drawable,278,c6aaa3d4027c3de0b6c1d297dd060b1ad93729830ff5cf540c8109f13131999f
src/main/res/drawable/widget_palette_neon_green_0_root.xml,drawable,278,477348dd9e9053fa8871533b58f9be7372ccd4a5505d9640f67e98c59008037d
src/main/res/drawable/widget_palette_neon_green_1_root.xml,drawable,278,dd5aaa0fbdc72c68f26b3d7dbba10380df5073372bd52781d79d050d9ecb161c
src/main/res/drawable/widget_palette_neon_green_2_root.xml,drawable,278,6c4420e83b8a4fd49675a9967a40fcc40bd37d4457734b2507ef0c430aa6b6d1
src/main/res/drawable/widget_palette_neon_green_3_root.xml,drawable,278,cd8b88d4c17a3cd157717addb9b3f2a6db98649f662f0ae3773afb13c5eb204a
src/main/res/drawable/widget_palette_neon_lime_0_root.xml,drawable,278,5bdf1d6db96f1262e4424a97568cfbbc2955ced742e69b81e57e2184764508d8
src/main/res/drawable/widget_palette_neon_lime_1_root.xml,drawable,278,5691ace3033f64b84104a698f2530120c59963efee8ec5bb57ac964d851d17a2
src/main/res/drawable/widget_palette_neon_lime_2_root.xml,drawable,278,dbd83d14453bcd67232dac522ae45d7881369905f017196f4ff799f2ba23d37a
src/main/res/drawable/widget_palette_neon_lime_3_root.xml,drawable,278,8e22d872721404f1f70cf5be93d60839bc39baa0e23cc211433c74125e902722
src/main/res/drawable/widget_palette_neon_pink_0_root.xml,drawable,278,57abcf90385f61a4072e0fb2a83e7ee61dec4e49a05a06de399e339a834938da
src/main/res/drawable/widget_palette_neon_pink_1_root.xml,drawable,278,dfba00407af46d1e15e56533e241149aa106d4890cd1d12f0d82510e4c646fbb
src/main/res/drawable/widget_palette_neon_pink_2_root.xml,drawable,278,9c2a95d0e05d9781a0351f8e63e8ab9dffc687a47ce0961d3901f0bb0ccb6c07
src/main/res/drawable/widget_palette_neon_pink_3_root.xml,drawable,278,98ef214f7fb4d0dbb037fb8941ffea9ba2cbe0860cc6aa60b95951a8bd7d8863
src/main/res/drawable/widget_palette_neon_violet_0_root.xml,drawable,278,63b8e5994b890606abc514a437cecca82fa88cb91804bbb910381c3db12555c3
src/main/res/drawable/widget_palette_neon_violet_1_root.xml,drawable,278,3aaede54e5cf28e4517101bc9891e08d654054512d5287e0f586811dd8da5d66
src/main/res/drawable/widget_palette_neon_violet_2_root.xml,drawable,278,f411d892cf2ba6c487e5063501638e942c59a38fc78e4b1c4938e4d0a197bce8
src/main/res/drawable/widget_palette_neon_violet_3_root.xml,drawable,278,bc5a37c8201cd646839ec05b355c6cd60e1d67ea975279b9930347af6faaabca
src/main/res/drawable/widget_palette_neon_yellow_0_root.xml,drawable,278,fe06fe5d30b93ccd9fefba99b7f9ed661a0e5d046e94b75b13df9fdd9b7c3776
src/main/res/drawable/widget_palette_neon_yellow_1_root.xml,drawable,278,64f2c49c572e0303394c7beb1b77379a1b46597a9eb5ce848cd51cdfdcd59af8
src/main/res/drawable/widget_palette_neon_yellow_2_root.xml,drawable,278,21b3d2fc3db9bca2dfa448fea96d384a8e33d649e51ddaacaebab117717f6f0b
src/main/res/drawable/widget_palette_neon_yellow_3_root.xml,drawable,278,5a28bf1f81a96082ead291078167ad8da01f4c5a2f13d829ccc9b482a2e125ce
src/main/res/drawable/widget_palette_neutral_0_root.xml,drawable,278,911123612e67eef4998555c2b314a3f7bf282974caca62f369f9a0e946347513
src/main/res/drawable/widget_palette_neutral_1_root.xml,drawable,278,fb1a2f34f73a13804cde1761b5306a121cc92f55d0c07c9ca5cc59e5d5c21e2c
src/main/res/drawable/widget_palette_neutral_2_root.xml,drawable,278,b799d3f546f4a4ca2cd682ea4000d794fa3c44e6e31a8da84306ba403a231bd6
src/main/res/drawable/widget_palette_neutral_3_root.xml,drawable,278,e8d4475432cd835e5d2651523e362aa76d089ebb018ad71bc4080299f6a3eb09
src/main/res/drawable/widget_palette_ocean_0_root.xml,drawable,278,4ab72e60f6411c2e63df965e3ed6edd48283ceac5a34353fde3bdc7a4fb02dfb
src/main/res/drawable/widget_palette_ocean_1_root.xml,drawable,278,9ab2bda5ab63181791880e4a05203176d9187881022884b3a538b605e7da0814
src/main/res/drawable/widget_palette_ocean_2_root.xml,drawable,278,8aaaa9467574ba02bc8a9c3ea7a821db346de0ebc22e1f342e651be42a9d30d1
src/main/res/drawable/widget_palette_ocean_3_root.xml,drawable,278,ec9f6db8ee37925eefe2dde0155ac111742997dd1422aa56476e06b734d2418b
src/main/res/drawable/widget_palette_olive_0_root.xml,drawable,278,930c34b451d9a0e2eb711a2e1be6426678fc9ab5d18d90f9f231acc8106b5af5
src/main/res/drawable/widget_palette_olive_1_root.xml,drawable,278,6f3975cef945f91fd0c57c920030f9779b1bb49a299ffd74f950016d6da1b3fd
src/main/res/drawable/widget_palette_olive_2_root.xml,drawable,278,ef087aa0c41ce5f380a62fde7565c6efd0d67bd7c6ded2ea44a40cf07dcbe776
src/main/res/drawable/widget_palette_olive_3_root.xml,drawable,278,2deeb4fc9d521c1fad35f4b21fc267980a7add2e70d7459ea2f02bbd501e3905
src/main/res/drawable/widget_palette_orange_0_root.xml,drawable,278,867a04005b9318a34a198500c9725a65440b1650024b82320f233247091e08a0
src/main/res/drawable/widget_palette_orange_1_root.xml,drawable,278,a64f3bcb33e7528aeb001def7b76c1dc667888c14fd11f3c25ce1093ef0676ad
src/main/res/drawable/widget_palette_orange_2_root.xml,drawable,278,ad95b0dd10128d20e61fc9000c642a472ab9b087620e12e5e1d08aac6b667fe3
src/main/res/drawable/widget_palette_orange_3_root.xml,drawable,278,ef911199ea1862f99cd3ae0673a73780b1788330e7c846e6f51794847af1eea8
src/main/res/drawable/widget_palette_peach_0_root.xml,drawable,278,fdf4bae49a16ce88194bd84bee451408a6fed7acda61424aac9c0d1bfe3cfb3f
src/main/res/drawable/widget_palette_peach_1_root.xml,drawable,278,4a9838633e4f1f93dadf4b5611364d97837833489f39400fb86df2bcd3bd3863
src/main/res/drawable/widget_palette_peach_2_root.xml,drawable,278,2701cb97360535918ec68742b435e55aa358f48d82f0913df7446af1d4a17c7a
src/main/res/drawable/widget_palette_peach_3_root.xml,drawable,278,c38bddf6ea64b6eb5dc88c531bfe3b041e546e5b06c4bb75d6bc46c0596e0102
src/main/res/drawable/widget_palette_plum_0_root.xml,drawable,278,9132324a222c9b96cee03b7d2716c228c6781e5a56eb94c5d35b7e8847364de7
src/main/res/drawable/widget_palette_plum_1_root.xml,drawable,278,83e2ab82cdf626677b38eace4de4aaf7066f8f2105b0b64881c43f24ffd0b692
src/main/res/drawable/widget_palette_plum_2_root.xml,drawable,278,c0ab3ec3e223bf2eb2bf573beab4c7746e74b50429adb5c495a71770f3621705
src/main/res/drawable/widget_palette_plum_3_root.xml,drawable,278,299f3b772d6e8c847c069459e4294f6915fbc9fa1fe5c2760396a11fe4469379
src/main/res/drawable/widget_palette_rose_0_root.xml,drawable,278,c5c26d4a083777fecc3f93cd203d804a829e70f02b0b40aa9500b03d6df8e90d
src/main/res/drawable/widget_palette_rose_1_root.xml,drawable,278,0efd60883cf67669abdc4cae3a69e5c4b459454165234cc5a71243d55ac61d32
src/main/res/drawable/widget_palette_rose_2_root.xml,drawable,278,105f63559bc1edf38e9e646b2e7ee550a8c20d8fd733be201de507e3d80a2e1e
src/main/res/drawable/widget_palette_rose_3_root.xml,drawable,278,5db8e8f92be2e52220e40b20c2f0105b06caec74f7947868711b3117e8216815
src/main/res/drawable/widget_palette_sage_0_root.xml,drawable,278,b2b5d77a363f7ee6f98907bef219070774e1684b714d9975da670d1133b6fa1f
src/main/res/drawable/widget_palette_sage_1_root.xml,drawable,278,8e2d92fd616c8c33c3018194acddee5e24c3fce21b7b93337b17809ddb1b64fb
src/main/res/drawable/widget_palette_sage_2_root.xml,drawable,278,0bb9792b7f5c98b6d8183b680476232a2d35f61d47587ea52b6ff4fa32bd54ed
src/main/res/drawable/widget_palette_sage_3_root.xml,drawable,278,f2ef2944312f3e08e20088ab524d4cb2cd493608f72c1458ffdc0ea0265ed74f
src/main/res/drawable/widget_palette_sand_0_root.xml,drawable,278,471ba8d34b2050fcfbfa8bfd09fb81f8954bb60d8b2001276767896eefae97e3
src/main/res/drawable/widget_palette_sand_1_root.xml,drawable,278,8a82d70d7ffa74535c7f0786610d7b1ea6da825e7d7e4fe1916a7cc908d7f080
src/main/res/drawable/widget_palette_sand_2_root.xml,drawable,278,4068d9c063b204387706d1f54a652d3d1c52594d80755f45b7e4095354fcf686
src/main/res/drawable/widget_palette_sand_3_root.xml,drawable,278,dfdf51757c1aad3a3ada4f5d32ed4451c82a2a3e05b37aeb83e48daf136da3c0
src/main/res/drawable/widget_palette_sky_0_root.xml,drawable,278,8425710b027a0547d94692af6fbb1eb7d2c350ec518d29cee8e8fad0ef95e989
src/main/res/drawable/widget_palette_sky_1_root.xml,drawable,278,322780d96831221b5c53c35992008a205663493456aa460af06d33bcd61ff618
src/main/res/drawable/widget_palette_sky_2_root.xml,drawable,278,a451975172100ec86a81599659d4b966ce669fd9c93a7217270bef5b2a4d1864
src/main/res/drawable/widget_palette_sky_3_root.xml,drawable,278,7be3e6877179a7da675b91464dbe30e96d0980fad359e64d1be2a63f67334d1d
src/main/res/drawable/widget_palette_soft_pink_0_root.xml,drawable,278,5c69e3bc1269dc961c07171177219975ab52961c5b1889f28bfe364ef923fd39
src/main/res/drawable/widget_palette_soft_pink_1_root.xml,drawable,278,6354feb7354ced73642979ffd9d45817f6ad0c3d9a47156d2ec6f69a879a241e
src/main/res/drawable/widget_palette_soft_pink_2_root.xml,drawable,278,e40b84ea983fdeb01d64f66ccf033afcd230c841077b06bedbf40ba067d03fed
src/main/res/drawable/widget_palette_soft_pink_3_root.xml,drawable,278,d7b20ad43f35fbac9f854504c13f0701810dd1746da4890ee06935f6147a3211
src/main/res/drawable/widget_palette_sun_0_root.xml,drawable,278,4b79a1e6c8e52f1d07b84810f448bd376e2f354698a9919b8c387ca1a19cca15
src/main/res/drawable/widget_palette_sun_1_root.xml,drawable,278,64c50e9551a3fb9a4ebfba1fcf652c825651737a1c19d66c3def06f523b8949e
src/main/res/drawable/widget_palette_sun_2_root.xml,drawable,278,fde41d397dcd65e60b0105ecdfd64efc257d35b9bf5c3b48f17e5e961b31a446
src/main/res/drawable/widget_palette_sun_3_root.xml,drawable,278,9cec6d1ab04244182427ff3ba4b0c58c65d8f878972a7cb224e0caee6b8c2103
src/main/res/drawable/widget_palette_sunset_0_root.xml,drawable,278,c13dfb88c186e6783f535e1df5c05b5640f04f3ed2bb7cacc48ebd8dae5d5166
src/main/res/drawable/widget_palette_sunset_1_root.xml,drawable,278,da055c8747f14e1cacb9ba45b7c702e2d47a41ac906bfba2b94d012d4f5c83d4
src/main/res/drawable/widget_palette_sunset_2_root.xml,drawable,278,028dc34809344a77b66f9e0f59ee08b76c28167072621bd3a2c005f2e07085c3
src/main/res/drawable/widget_palette_sunset_3_root.xml,drawable,278,5517cd25af3a4644187ff1a21e472037c3558b5a0bc1d10445cb1fc1ce6c789e
src/main/res/drawable/widget_palette_terracotta_0_root.xml,drawable,278,949ced07ce004de55a006d8b43231b9779d4a3bbc8301e55ca03e848687bffc9
src/main/res/drawable/widget_palette_terracotta_1_root.xml,drawable,278,dd8a9d05aedc882981bede0de61d2e7a44a0c6c89a41f58ed80807fe58c69025
src/main/res/drawable/widget_palette_terracotta_2_root.xml,drawable,278,e05937c9adf1e99b45ef0fca54610ba53e975d1d5382e072d4f56e4dcbb30c48
src/main/res/drawable/widget_palette_terracotta_3_root.xml,drawable,278,83c725d744ad6a5b445071ca59ad406e238a373ffdd957dbf1f58c2acb7ea49e
src/main/res/drawable/widget_palette_turquoise_0_root.xml,drawable,278,35976f11108a6419fa72d5f295c8a296b29b9bd7c835c2584e2361fcb52f5901
src/main/res/drawable/widget_palette_turquoise_1_root.xml,drawable,278,f9bbec38deb121c35ed24f94ee1155b182f156661d70f8f96f65396683e6351a
src/main/res/drawable/widget_palette_turquoise_2_root.xml,drawable,278,6d571b7804027480e3532a23823b753ff5c69d85a2a1c1c47ea0797fd7e43cd3
src/main/res/drawable/widget_palette_turquoise_3_root.xml,drawable,278,fcae0dd8e54974ce0510a843e132ca132c76c9d5195f28e8f76b5f8c713d36cd
src/main/res/drawable/widget_palette_violet_dusk_0_root.xml,drawable,278,70343d9f1a7648ac85d430ef0d3e412c4aea9463a69909f4772423dbea572571
src/main/res/drawable/widget_palette_violet_dusk_1_root.xml,drawable,278,7730dbed4ed3ccf850eb59a9463ad31f5f159a211c89aacefab60e8185628f84
src/main/res/drawable/widget_palette_violet_dusk_2_root.xml,drawable,278,890b9b3804ad9e39983253946638c37c6c904322407524f1f36c0435a1e099b0
src/main/res/drawable/widget_palette_violet_dusk_3_root.xml,drawable,278,e842e46afad8af6da9b2ef539d9c3b432e13314d5fa346e2651f11e26d961624
src/main/res/drawable/widget_palette_vivid_orange_0_root.xml,drawable,278,3ec3b44421b01c51fb1c6e4448fe94bf30eba780a1fbeafd9d067abefecc3f5d
src/main/res/drawable/widget_palette_vivid_orange_1_root.xml,drawable,278,eb3dd9fd1cf36b2b1f340a72826870b4d5f30ae2b56e5885097fd41b2b3f8ad0
src/main/res/drawable/widget_palette_vivid_orange_2_root.xml,drawable,278,a646f8db010036f059d4518e9f72ab273be7a5f4628753c2b007509ad7abcc3d
src/main/res/drawable/widget_palette_vivid_orange_3_root.xml,drawable,278,030be513b9d45aa5668f5973e50553364c7abbb6317bd3eb1ccfaed8ef25be1a
src/main/res/drawable/widget_palette_warm_0_root.xml,drawable,278,f5842bdd16caa93d29ebfe01aa7b78f7d4068519bec4e3a75ee90316cc0dd81a
src/main/res/drawable/widget_palette_warm_1_root.xml,drawable,278,c78e929d587539ec41e3d666aa60f4926090c666461b1d981f00bd013d872b76
src/main/res/drawable/widget_palette_warm_2_root.xml,drawable,278,764988377c482d5ca32032b6257eeccfbe3eb712ea75617ee8196d54753b6362
src/main/res/drawable/widget_palette_warm_3_root.xml,drawable,278,1c908bad1eca05701524de54920acfe993253979cccfa5abf0e1db869c9e33d0
src/main/res/drawable/widget_palette_wine_0_root.xml,drawable,278,53e7365b9501e11a560c5fbdbcb67e9ff10a0a6f568c6f5255cdce96a24a7ff0
src/main/res/drawable/widget_palette_wine_1_root.xml,drawable,278,53a46015856243f731080e2a9d378d79d5607da05e2357bd5d0b8e5baf698c50
src/main/res/drawable/widget_palette_wine_2_root.xml,drawable,278,4abffea48bd218cd8770ddcad6f2d25c0fc1d01d7186138983fa003475aa99d4
src/main/res/drawable/widget_palette_wine_3_root.xml,drawable,278,71e7af6e2d33a8b38a2faf35e82c20e9e1052dc056238cececf6eb1a57e47add
src/main/res/drawable/widget_panel_card_dark.xml,drawable,280,41eebcb917155d76af8537ed995e6123165f06556eb3c5375cacc7dc0dde455f
src/main/res/drawable/widget_panel_card_light.xml,drawable,280,db68a4562912a55991461d33803bc3402dab41486855ea7313f35598cb424ec3
src/main/res/drawable/widget_surface_screen_dark.xml,drawable,278,8a62aa503546997fad7643c8218cc0da7d3e6c12a7566c4f5e33515cd15f9d27
src/main/res/drawable/widget_surface_screen_light.xml,drawable,278,821043ca20aa8aebb0a95a732d6acab2c5911d814bea0151eab114d9d3208530
src/main/res/drawable/widget_thumb_background_dark.xml,drawable,280,f9c52fb084c5e673b5d8e25fbdaca43f07200464c9f778458376663868da8ea8
src/main/res/drawable/widget_thumb_background_light.xml,drawable,280,c89919fa784b5c19e49a3b03052f5995e8cd2f144af2413d0da1c160d899343e
src/main/res/drawable/widget_thumb_placeholder.xml,drawable,508,4329f163e0ec4734b575b30456a350a7a78f5ae3dec6f52782c799ea26f29100
src/main/res/drawable-nodpi/splash_icon_hires.png,drawable-nodpi,893099,9a2b4a7748937059674dd6b73e5e4faaec0f0cac3267d306d98ae570c84909c2
src/main/res/drawable-nodpi/widget_preview_favorites.png,drawable-nodpi,14810,b42b6f7e30221fb44d6fea777b45648c9691235c6a00bb89f7bfafad07eaf599
src/main/res/drawable-nodpi/widget_preview_focus_note.png,drawable-nodpi,21759,d61623cf149a70182e2faa072145e21f61c67042f73021cdaf0ed13cf6c23adc
src/main/res/drawable-nodpi/widget_preview_quick_note.png,drawable-nodpi,8463,7c68afcfda426b33dd1fdff37184884dc3412e7942f85a5c6023b7e6fb9e114c
src/main/res/drawable-nodpi/widget_preview_recent_notes.png,drawable-nodpi,14196,84ba17db54aba7197a7a76ccc71e8d1b438779d4974b7f1428b890266a3392fc
src/main/res/font/google_sans_bold.ttf,font,117916,baf49bbad31bba9afb9f18b2feff9871aa248548bf3e15b58ececde099fb1dfa
src/main/res/font/google_sans_bold_italic.ttf,font,121080,a8a76291a96f1d2a0573c230cc89f90e63c7785b9348ebea264be73c1417eca3
src/main/res/font/google_sans_flex.ttf,font,4607592,eae5ed6ddefbd44ab9693b84454ce46f3f2de0fb4f7cc5b54138c50c5b347d70
src/main/res/font/google_sans_italic.ttf,font,121280,fbcd6873e25aeea086ba2d484da246f147ffd680c8496876bf96478a05608e11
src/main/res/font/google_sans_medium.ttf,font,118508,0cdf0063c8c613033b911b0eb7162aa0a3931b4129ba193163e71dc7d8e16e4b
src/main/res/font/google_sans_medium_italic.ttf,font,121216,1430778b122974a2459ef0dafebf2f693f7d283c284d68d934cc3e13ff2e19a0
src/main/res/font/google_sans_regular.ttf,font,119984,974ee8402aed7391f8ed35155db12950697bcbbe3ad01abfb81718b65cb1960d
src/main/res/layout/notification_reminder_expanded.xml,layout,3050,b92f0b375b0d97d73fe612cd9b158e021d30248b7208f20cafa6268a430db474
src/main/res/layout/notification_reminder_heads_up.xml,layout,2574,d9da4f3e81054a018a91c154d24bae5775da02294404edcfa7571a5f07de298b
src/main/res/layout/preview_01_notes.xml,layout,19739,3d1fbbe0ab42ab2b6e73f312125f00b89f6b99e475a51beb2b1983d8089e3deb
src/main/res/layout/preview_02_note_editor.xml,layout,17251,f6de43a015d281deaecc010d5959e781e794db50981a3b562c032ec594376ce0
src/main/res/layout/preview_02b_note_editor_recording.xml,layout,17524,e4d7d104b5e556b79097bd1d92a1ad375d43056ac581113a3a5b7946de547650
src/main/res/layout/preview_03_note_detail.xml,layout,12562,2b0f45296f2aed6a77ce827c01acee48a78b62c8823d5241a2554c3f9b79c3fb
src/main/res/layout/preview_03b_note_delete_dialog.xml,layout,1744,f123a2f78505dbb18a4912511fdcfdd6c69905f4b2be147a1fc5ac7895e29dca
src/main/res/layout/preview_04_settings.xml,layout,161303,ad44b1be7a0810dfb30d7fa85ac36038514debf069559bd2b75b9eb6ce55646f
src/main/res/layout/preview_04b_settings_personalization.xml,layout,26488,468e04c93416a3ee405062e4d831c16d1102b7ba48f019666eb1702206854633
src/main/res/layout/preview_04c_settings_options_menu.xml,layout,18285,0eea298be5f2dccf8aeb854e4a60ff512b1cecd77fb47efee4ac55fef788ac3d
src/main/res/layout/preview_04d_settings_sound_haptic.xml,layout,8918,86c30abf7c1e46d325234888df6b3005f2682ce1831907008a354ff1ea56657e
src/main/res/layout/preview_05_attachment_viewer.xml,layout,2822,a55967b602253a53012ab7ebb14631d74565cd8695430b03992c8bf2cec5e5ff
src/main/res/layout/preview_05b_attachment_image.xml,layout,1639,779394c5573f3cc9df7e4531373b6034baac9d3c5b37cdc5dc72cbaee67bc044
src/main/res/layout/preview_05c_attachment_video.xml,layout,2526,76060860ba17913f7bf79bf5b951a0441c85f7f67ed13044d4c3da21b9be9bd0
src/main/res/layout/preview_05d_attachment_audio.xml,layout,2873,5e7e40208ecbf729ee7f2e7ffd56421c969c46249c77f6015d859119b767ce2d
src/main/res/layout/preview_05e_attachment_text.xml,layout,1760,042bcf400cc5192b60a861aae33c206a1f7f40db2b6b387c32afebd0ccd51ed2
src/main/res/layout/preview_05f_attachment_office.xml,layout,2458,f06cab41df84688c844a87e6546d2e47484d07448f145a09559edcd4b40bf158
src/main/res/layout/preview_05g_attachment_generic.xml,layout,2632,5d6d8f8223c9636fa1c8b96990b4db1c3b382b7bc2954e4138e8ec37f4539c14
src/main/res/layout/preview_06_note_options_menu.xml,layout,5153,0f0b60307a8ac6dc437a36e59eb87d47848b79f8c89b35a48003e378a931272f
src/main/res/layout/preview_06b_priority_menu.xml,layout,3242,645bbec483b2084793212f0d399435c2cf0b1b9371f00fe2ed4045de5ec4f126
src/main/res/layout/preview_06c_color_menu.xml,layout,9603,57f288d6738a3986f70fc27979a75edd13e7d56201e4242e7c3d8082a2637fd5
src/main/res/layout/preview_06d_move_menu.xml,layout,1956,879ac22fecf9bf657f2f37d0fcd752a94e4ede058c335b5eadcbf9a194c5be43
src/main/res/layout/preview_07_settings_transition_dropdown.xml,layout,8107,d1c0742dbf43e1146b38b1f51b4b427286b2f592273886b50ba734c3b1d6804d
src/main/res/layout/preview_08_notes_empty.xml,layout,2538,3ce43d4c36528464d64634cc32dde0f9668c6f2e97e617633a47a04d93aa591a
src/main/res/layout/preview_09_notes_search.xml,layout,10356,1a1e93d5a019f8f3e56105c33385e60145a01434d4cd47916be89287fbe4e41a
src/main/res/layout/preview_10_notes_one_column.xml,layout,6698,9d6b6ceb40c050e36c8ac9b47d82b09f19f3444b4c93f45d5b0a0e52f0ebe06d
src/main/res/layout/preview_11_notes_three_columns.xml,layout,5953,dca4e6c39d0db1aecfcde290d262bf6ee1ff36ff5d7aa5c4908d007af8bad559
src/main/res/layout/preview_12_note_card_attachments.xml,layout,6662,181127496cf4ca2d20724f75d33bc5f049f86f0314f3ef7232bd9bf39a353ea7
src/main/res/layout/preview_13_link_previews.xml,layout,10005,a37af95ada78e5264f3dbe003b8c5c32477239b0ecfe2dd46d3bd00e3c7a190e
src/main/res/layout/preview_14_note_editor_attachments.xml,layout,7961,ca821f45d05ad897325269775ada0ddbbff4dc70ebeb1e9997bd307ffba5b56e
src/main/res/layout/preview_15_note_editor_edit_mode.xml,layout,6006,55eedf3cb94515ef9f5ba1c53c5ca66cb6184b0fa4d209fc4e8afb1772254570
src/main/res/layout/preview_16_note_detail_media.xml,layout,6714,519aa48ffe037b6b72ba9518279ac0d0174df01097a8097048600aeb13f2792d
src/main/res/layout/preview_17_note_detail_files.xml,layout,5604,4b12a2317ae4dbc9622c51addaca042c25df47513ecc4b34caa13dc05ab13291
src/main/res/layout/preview_18_settings_appearance_text.xml,layout,8748,45e1dbc1dc69cd01fec4c30de4fe69e2d84de63aca936888c54b56f02d6d32a2
src/main/res/layout/preview_19_settings_backup_restore.xml,layout,4731,75c7f4eaef756d1dd82d467e4a9e5aef7de8b08e47511111acb84b8a29e42cf6
src/main/res/layout/preview_20_settings_card_layout.xml,layout,8914,55061a5d7bbdf09925122b1aca3ab059c85031dd0710669f7ce37f5352429bc1
src/main/res/layout/preview_21_settings_performance_motion.xml,layout,6823,2e77867c7cb72fd7b7bbf7ab1133b103d84fbff9ebab54739ae49b59ebd803e1
src/main/res/layout/preview_22_settings_palette_tones.xml,layout,10706,277cbe96749be954ed5806b18ea6a84c5cf7d481259c361a69efba5e8074b582
src/main/res/layout/preview_23_development_info.xml,layout,15043,30e77d645f96c2dcb84f6df38e46d828d23d7eaef2d7ef27f53064d2e4a21171
src/main/res/layout/preview_24_source_code_info.xml,layout,9360,20b56744d72fb4e380049402e8e0a96c36346f56ea1c8091529c14745c2c1606
src/main/res/layout/preview_25_settings_basic_profile_mode.xml,layout,8121,8f10f67ebcc1d66306b0877f658a830dd37280cfccc170f6bf33b539a870c654
src/main/res/layout/preview_26_settings_advanced_profile_mode.xml,layout,10441,b7478c85493d1fc6d700348a6aa31fd044d14cbe6a7858e2cebe17856b611984
src/main/res/layout/widget_favorites.xml,layout,6507,9a56115b1bab87c7ef69b7bd8ae27924833538ee91cf095c287cefa8677b8106
src/main/res/layout/widget_focus_note.xml,layout,5375,8fa032ca6e07af7b5441b0a12abebb1b5b27b2a50fa2bb6e52d33f8c0f1cf5b5
src/main/res/layout/widget_quick_note.xml,layout,2894,a7942bb40a6ecc2301700b99eb32f83dd1c4603018e41da898956e0a03288952
src/main/res/layout/widget_recent_notes.xml,layout,6885,78c5d96367f5dbeeb4047656124c04c56b1f0413aaeff50bb4b61a8eaa096dac
src/main/res/mipmap-anydpi-v26/ic_launcher.xml,mipmap-anydpi-v26,338,ae7ebffe6b56372f159075bac34892be83c441c9d144fff5497b5936644f2fab
src/main/res/mipmap-anydpi-v26/ic_launcher_round.xml,mipmap-anydpi-v26,338,ae7ebffe6b56372f159075bac34892be83c441c9d144fff5497b5936644f2fab
src/main/res/mipmap-hdpi/ic_launcher.webp,mipmap-hdpi,4640,2371dd748bb0cb1d435919cfc3ed807fc45b26a0526e8294d206d0ea1bbf7424
src/main/res/mipmap-hdpi/ic_launcher_foreground.webp,mipmap-hdpi,15812,48feb78bf80272a75be1c0753e12e23cedde2529ea770d7e1870bbe4372dffe6
src/main/res/mipmap-hdpi/ic_launcher_round.webp,mipmap-hdpi,4640,2371dd748bb0cb1d435919cfc3ed807fc45b26a0526e8294d206d0ea1bbf7424
src/main/res/mipmap-hdpi/splash_icon.webp,mipmap-hdpi,4640,2371dd748bb0cb1d435919cfc3ed807fc45b26a0526e8294d206d0ea1bbf7424
src/main/res/mipmap-mdpi/ic_launcher.webp,mipmap-mdpi,2670,fb5cef502c096d2d78d0f2ce2f5b4266ddcf66e30c54e3280f2448beac9d5e7c
src/main/res/mipmap-mdpi/ic_launcher_foreground.webp,mipmap-mdpi,8518,20131f559bd0343f8397d993273a4237c70b2f5f87803aa8f4b205b4cabd6382
src/main/res/mipmap-mdpi/ic_launcher_round.webp,mipmap-mdpi,2670,fb5cef502c096d2d78d0f2ce2f5b4266ddcf66e30c54e3280f2448beac9d5e7c
src/main/res/mipmap-mdpi/splash_icon.webp,mipmap-mdpi,2670,fb5cef502c096d2d78d0f2ce2f5b4266ddcf66e30c54e3280f2448beac9d5e7c
src/main/res/mipmap-xhdpi/ic_launcher.webp,mipmap-xhdpi,7214,c20a73bafb6cb3835798399a8a89b56cf8034671ebfa4dd3c7aefbd96b99cb94
src/main/res/mipmap-xhdpi/ic_launcher_foreground.webp,mipmap-xhdpi,24814,4bf8fe5fcaddee6f7bcf17798701810a626e18f99bfd5057b535c78d94b4c9a7
src/main/res/mipmap-xhdpi/ic_launcher_round.webp,mipmap-xhdpi,7214,c20a73bafb6cb3835798399a8a89b56cf8034671ebfa4dd3c7aefbd96b99cb94
src/main/res/mipmap-xhdpi/splash_icon.webp,mipmap-xhdpi,7214,c20a73bafb6cb3835798399a8a89b56cf8034671ebfa4dd3c7aefbd96b99cb94
src/main/res/mipmap-xxhdpi/ic_launcher.webp,mipmap-xxhdpi,13154,5b061222171eb610556e582f0b30f45a246c0086825d003e9f45e75272190d34
src/main/res/mipmap-xxhdpi/ic_launcher_foreground.webp,mipmap-xxhdpi,49640,f6690450bd5d9df42ed221d02f3d36bc139155902a9d812dfb5d2b8e5f8f3e15
src/main/res/mipmap-xxhdpi/ic_launcher_round.webp,mipmap-xxhdpi,13154,5b061222171eb610556e582f0b30f45a246c0086825d003e9f45e75272190d34
src/main/res/mipmap-xxhdpi/splash_icon.webp,mipmap-xxhdpi,13154,5b061222171eb610556e582f0b30f45a246c0086825d003e9f45e75272190d34
src/main/res/mipmap-xxxhdpi/ic_launcher.webp,mipmap-xxxhdpi,20464,808d8eaec5309c0284b6ab7ae7f0da4d98e075fc5b87323a02513ac7ddf82321
src/main/res/mipmap-xxxhdpi/ic_launcher_foreground.webp,mipmap-xxxhdpi,84164,802dffe8b2f24fb6d75bdc7034b0701f74527165046b6406cdfd1e760f3e76ca
src/main/res/mipmap-xxxhdpi/ic_launcher_round.webp,mipmap-xxxhdpi,20464,808d8eaec5309c0284b6ab7ae7f0da4d98e075fc5b87323a02513ac7ddf82321
src/main/res/mipmap-xxxhdpi/splash_icon.webp,mipmap-xxxhdpi,20464,808d8eaec5309c0284b6ab7ae7f0da4d98e075fc5b87323a02513ac7ddf82321
src/main/res/raw/ui_arcade_attachment.wav,raw,11950,fbd46c41ed49767c785ff7d652394d45dc885eaf17ab2e5fc5e8fde9a0517fcb
src/main/res/raw/ui_arcade_delete.wav,raw,11068,ffcbfba4a6770b59dbe228ffe2d77a85bc18815d1a50d9a3784bcd81a03c9bca
src/main/res/raw/ui_arcade_edit.wav,raw,9304,3ebfb51c915b01f6671096762fc23fb2c04017800443b72ef805a35cf1136ae3
src/main/res/raw/ui_arcade_priority.wav,raw,8422,69ff6ffc146edb9e3d1f24b0cd3d8a9a95b2acb50bda136bbdcca1cc2e8219a0
src/main/res/raw/ui_arcade_slider_tick.wav,raw,2690,27a462b6bbfc8a79811291100a85d0ac89d0a52e6b848dd991601f9ac00ced91
src/main/res/raw/ui_arcade_toggle.wav,raw,6218,099995ef52fff2aa1c0676208a417f3a58f0635929cf07ff933b044f8c684b21
src/main/res/raw/ui_attachment.wav,raw,10448,f8e9c3ecda3da419c5a1c4cc77361e77ec0454594893d9addc40f22c7a126eaa
src/main/res/raw/ui_aurora_attachment.wav,raw,5776,c789fe9c7b4b649938d412a74832aa6f71880d8692a83c44f32b63eb0825d229
src/main/res/raw/ui_aurora_delete.wav,raw,5158,b949e6e0494315e3b41d307720f561d3977086aa45c43687945b53b2877de34c
src/main/res/raw/ui_aurora_edit.wav,raw,5336,4fcee1ace010399a6d6d3dbedcde8cfe730c9d5e5ca6d664cf392d5a8b13af6f
src/main/res/raw/ui_aurora_priority.wav,raw,6040,7b9277d971bc76aab6bd9f7133c4aded5977fb3cb99dfee174f0f323e5a2da41
src/main/res/raw/ui_aurora_slider_tick.wav,raw,2512,9e1180921e28bdbff1029fc6aa93217f3f712262a276aee1ca739c16c1baa50b
src/main/res/raw/ui_aurora_toggle.wav,raw,2954,39cbd1f6a022916bae58d59c8d1948461d96851efd384fc8bdd6ffac988a69e2
src/main/res/raw/ui_bubble_attachment.wav,raw,11950,24b3324d4890b8f5dc370594c212fd6694327b4e98624bae60d8b87bce21b9b6
src/main/res/raw/ui_bubble_delete.wav,raw,11068,8b7482728cb274bd2963bca2356e25ddfb798b369d89d04379eb314573e59e57
src/main/res/raw/ui_bubble_edit.wav,raw,9304,9e8b8eac279043d4dd138d0a086e6ef3c93ffaa19efc370fdf508dcb2505c49c
src/main/res/raw/ui_bubble_priority.wav,raw,8422,6dd5873d505a5d7146243dc090a7e19dad0187d2c9011bb1de31806713b88513
src/main/res/raw/ui_bubble_slider_tick.wav,raw,2690,b5bbd8dc7fb9468603df064c8d35d63b3a4745623def73a2c12cdbbff3e06a8a
src/main/res/raw/ui_bubble_toggle.wav,raw,6218,eee5818b320f3a739ca10b7a9a67a798dfde0521aaac833a473950bcacf67a21
src/main/res/raw/ui_camera_attachment.wav,raw,12832,b3503a7ab9ec1811c7d7e571b242be78f974148e87950ba99dcbb7bdbf9c793c
src/main/res/raw/ui_camera_delete.wav,raw,11510,5ef6af90be313c1ddcec2c7d287aa72180af6270ad369b4263b88ed3066f655a
src/main/res/raw/ui_camera_edit.wav,raw,9304,00680d5685ac51de1a2b4dedee54fd9e0f5901f1dc3c186065f81eb3c8b8542e
src/main/res/raw/ui_camera_priority.wav,raw,8864,09170447247e0041db16816475dd6053b40c0e1b58ddd6e2f311d7c1203f1681
src/main/res/raw/ui_camera_slider_tick.wav,raw,2866,6f236ff757da20171eeb7d161de0345978801044eebcea1aa1ec2a36f8b1b6c9
src/main/res/raw/ui_camera_toggle.wav,raw,6922,fb988c55a940d72bb39fdb6e82a90077306607b79a9fcfb533ee4109c6a1264c
src/main/res/raw/ui_chime_attachment.wav,raw,12832,e707c04f6f7e9f305363968cab02bc1a82ae3e2ea70e57c0558f86b5c645a018
src/main/res/raw/ui_chime_delete.wav,raw,11510,aa5eac144bb4d92bb8a88448bb9e53de14dc80f54cd3d5e55ab2b3312dbcdb27
src/main/res/raw/ui_chime_edit.wav,raw,9304,99f5171c0c753154b826c9ff20585714894e21957fd8900a53bbcea5e0f90e5e
src/main/res/raw/ui_chime_priority.wav,raw,8864,cb40b31c704fc9e8d0e90773c08f5e615c5d2ee634add276868fdd8b63d8c4ee
src/main/res/raw/ui_chime_slider_tick.wav,raw,2866,ef64583f5c75d11c6c7b70d60934960db09c19fb8b784e9b367c3b0927fa8096
src/main/res/raw/ui_chime_toggle.wav,raw,6922,3c3f4aace86df37ff3d4df9ff3a38ff10ac73785b9116e3500d42172b9ee554b
src/main/res/raw/ui_delete.wav,raw,10186,00a9842e5424ca40b49178914b7df47246e1730186efaed4e07742f7d8256f2b
src/main/res/raw/ui_digital_attachment.wav,raw,9746,2b914fcd1a4791c51e5f22161b80d58473892833d58daee18eb3db9f59eae7c0
src/main/res/raw/ui_digital_delete.wav,raw,9746,5c0aed760ce5ec3ec3b19eb2527e06df4af8cd6db32417d990e8595478180cb8
src/main/res/raw/ui_digital_edit.wav,raw,8244,3c9b96575c48bc86515096a925c079455980de07201f4b65c6acfb3d5679545f
src/main/res/raw/ui_digital_priority.wav,raw,7274,7906da8f3d5321b025ddd23afdf7cb054e8ac939bd3eed26fad0be6ab1e36ca8
src/main/res/raw/ui_digital_slider_tick.wav,raw,1630,192ab38c7330c023c86e1a14be0256f2f6491d4e9ab5c488c2fd5c84968ee741
src/main/res/raw/ui_digital_toggle.wav,raw,5862,2fa8051d292414598ca3eb955f7c3bd9311ad8050c8e90e65c9a4ce92ad58963
src/main/res/raw/ui_edit.wav,raw,9390,6f2de55b91f27040a90570387db7e540cba3418b6648c461832c392cd957d0fd
src/main/res/raw/ui_expressive_attachment.wav,raw,4894,fb5abf036f5bf51b039f92e1671f2d2cde236ca01fdf893912ea78ea21f3dae3
src/main/res/raw/ui_expressive_delete.wav,raw,5336,1b31a63573b4d8480baf4243293966b5ec32119f18c1b19b027c7b2373f9d254
src/main/res/raw/ui_expressive_edit.wav,raw,4454,f0aa42a391d10d988cf187f0d55ff90964b2f06b31ea85b5ea16f00aa3aa0ff9
src/main/res/raw/ui_expressive_priority.wav,raw,4894,8885f77e3f14529441c110889dc68b03aad31cf0f7773f6743c562045395f51f
src/main/res/raw/ui_expressive_slider_tick.wav,raw,2336,11d1f78bd54113a3c87780dd20a58714745dc2e7acd75b5022b744c14444da19
src/main/res/raw/ui_expressive_toggle.wav,raw,3042,87d0d74fa6f8c998b3b76d9a41a8649cf953c63ab496da994e7aa7aa28e02b34
src/main/res/raw/ui_fluid_attachment.wav,raw,5336,819640de01c243c6338d17e0e76ac29316ecb37561fc353c0c48b59557f8ec70
src/main/res/raw/ui_fluid_delete.wav,raw,5600,6fa720f801d69b5e118ab44ee03009e103bd17f155bafb6f9e66ce238198be3a
src/main/res/raw/ui_fluid_edit.wav,raw,4806,915031373754ec53901171519309a2a7d6364765964bc22ffa64e36458ef4163
src/main/res/raw/ui_fluid_priority.wav,raw,5158,b68ff619cfbe4bc8543d9995161813a5d22344c0bf240dacfc0f068b0c0ca176
src/main/res/raw/ui_fluid_slider_tick.wav,raw,2690,872a61e848c4e8204df58996c76939393b4f2c4352193696bab710f653dc2c6c
src/main/res/raw/ui_fluid_toggle.wav,raw,3394,71040b98230c2e250053ec932428101bc339c8e5db16eee8d28a873050009847
src/main/res/raw/ui_glass_attachment.wav,raw,17682,6b35b5704890b00eeb6956f45a0a4b5d317d292443a28bca1db9e3389aa5c338
src/main/res/raw/ui_glass_delete.wav,raw,14156,0d7c4149b82ff6a57879cb1fec31b2ab4f05bd6828606f5f9e5bc17a9a362273
src/main/res/raw/ui_glass_edit.wav,raw,14156,1b07118bee1ba25f12fc787b8e45381a4c4b0e22a509e1f458698e287b006f71
src/main/res/raw/ui_glass_priority.wav,raw,15038,7985b5639b8ddb548d122acb45b49250051dc4f5856bcfb1b7c349d7f81b5a51
src/main/res/raw/ui_glass_slider_tick.wav,raw,3130,d16213eeffb06b4fd60ee538cefcd71e00789fae9f8cc1de4575dc3ae3e91c51
src/main/res/raw/ui_glass_toggle.wav,raw,6658,45d1f0b07e858a0c9e5b1ab21a508fc36c6738515f20ebaef20770c8b5e8aad4
src/main/res/raw/ui_material_attachment.wav,raw,4454,baccd5c7596e40c442c652e38cdd7ea34b457f7c440ac87772e2a1b45b784e5a
src/main/res/raw/ui_material_delete.wav,raw,4894,9809da840eeea584a4e70cff40d6a57a95cb3579a277f3d23f7baec2a641dc7f
src/main/res/raw/ui_material_edit.wav,raw,3218,1107da72da1d2eb9dc9667597778e4fde40398ef8a978794df11465b46af15b9
src/main/res/raw/ui_material_priority.wav,raw,4012,23510d7d5182e5a8d2f01009fc95f3311791a2c70ceb4511101ecd8ef29da206
src/main/res/raw/ui_material_slider_tick.wav,raw,2336,c7daa14abe28c6274de1409509558d31db34f269185f1b4bd370906470615fc9
src/main/res/raw/ui_material_toggle.wav,raw,2690,4103956db896b8f7edf06f427e8a89ee70c7327e76cc3155df749615c068f792
src/main/res/raw/ui_mechanical_attachment.wav,raw,11950,5849c00e405a65f1ed2ce07d3b54aacc2e15cfb0bd7389b31ca659b88b0e0d04
src/main/res/raw/ui_mechanical_delete.wav,raw,11068,102ccc2ae3103a1f4db8d4b9a65000b5fb1e9b7eeaa306aec1e1bae229c94593
src/main/res/raw/ui_mechanical_edit.wav,raw,9304,cc5377ffd0afae92a45870f28a9c506492c193935892a68ee51afe49598ee24e
src/main/res/raw/ui_mechanical_priority.wav,raw,8422,150aec382d1f7203d8e8ab30a7a719b967552a0532a2d01730ff1aeab3c0aeb0
src/main/res/raw/ui_mechanical_slider_tick.wav,raw,2690,ae7f7759331e65f9f2ea12ccf37780318f02e508dd191d3d53444c1e18487b18
src/main/res/raw/ui_mechanical_toggle.wav,raw,6218,30cd2e731bec2b635de42e95124a265eca854228b0797d656ac6642cfde7cf45
src/main/res/raw/ui_metal_attachment.wav,raw,12832,ecd1d28c62cb93953c48eedd34083f1254926510d528bf690d862dd135a060cb
src/main/res/raw/ui_metal_delete.wav,raw,11510,21ff8802107b456bbc4383a80d0a31d3866c5995dee705876bc6e6ff48124cd4
src/main/res/raw/ui_metal_edit.wav,raw,9304,ac427d428c61f1df04349192895dd8c34a1549ff77ea6c4586ded16aa79d356c
src/main/res/raw/ui_metal_priority.wav,raw,8864,e5dc230a947dbcd45584e6d5969a1fc01d3f81a10311ea9078c6095778605820
src/main/res/raw/ui_metal_slider_tick.wav,raw,2866,a9f264a3a1fc5a14b32dbd7a5a065fe332a85f4e0f0f61f35f5e162de86f277e
src/main/res/raw/ui_metal_toggle.wav,raw,6922,e077bbfbcd73c01164eae7f6a7dec0aa928ab6fdb1660110f0cd49928161cd65
src/main/res/raw/ui_minimal_attachment.wav,raw,11950,bcd4761becb801ddafab33081a3a3689528d186b49d27655e7487323500e302c
src/main/res/raw/ui_minimal_delete.wav,raw,11068,02531c71757c5f5922458b598d321c8a32fd3b71626ff580a57a069dc3b9ce14
src/main/res/raw/ui_minimal_edit.wav,raw,9304,5e13a162d2cbec6774354d8987e6fb5d7264e2096d09406e70e954ea4ef9fb4a
src/main/res/raw/ui_minimal_priority.wav,raw,8422,9c9b67520780cf6acc6fef0f98ab777cb7e9cc8dc03908cbd0d51ca5cb219757
src/main/res/raw/ui_minimal_slider_tick.wav,raw,2690,dec62f0e3ef9e964648ee132518aadab4786b366002d0f970cdd60c033394d26
src/main/res/raw/ui_minimal_toggle.wav,raw,6218,636b82e2a3cc5590221160d07a8382b0be195c11801c2e85676e42cd7d130785
src/main/res/raw/ui_neon_attachment.wav,raw,12832,a35f34d215752195885b9a2416f2c8141aa91f82081ca185839edd4421f57cf1
src/main/res/raw/ui_neon_delete.wav,raw,11510,05c10101ed034cddb9b4d8ce5c0cb5ebfbec84ce233cd98573abd1065bc85392
src/main/res/raw/ui_neon_edit.wav,raw,9304,40cc50ede4d81d624d093ebe3cecc5643933fb6c460518f9f9c2307dce0f07dd
src/main/res/raw/ui_neon_priority.wav,raw,8864,e7cb1193d5e0eff582549b1ee2654fd9c9a3518c3d313cfed4bbd0400a4f94c6
src/main/res/raw/ui_neon_slider_tick.wav,raw,2866,b7a9be9ad54714b188ad41c12174e0179991f88f86b1a775ee63a1b2f629525d
src/main/res/raw/ui_neon_toggle.wav,raw,6922,d0ac3a1830a421c7cb4a3e6f065cbec6094c434c26f5db4810fe834b9d5529b2
src/main/res/raw/ui_paper_attachment.wav,raw,12832,772fdb41bc23f9651d6204ea126f9558804056103fe58354681ffa7f80e79ae3
src/main/res/raw/ui_paper_delete.wav,raw,11510,350e21cd745dd16aa91baeaaefeb8b9712d471b147a882a225a59aadeb82c1d4
src/main/res/raw/ui_paper_edit.wav,raw,9304,7c09773edb3d4e1502b2dffe01cec2d208a277ec3a0533fe95bd2e1835474442
src/main/res/raw/ui_paper_priority.wav,raw,8864,67279ac1c88f5fe380b733f5b8238c3520d9cc0008e93bdd48991b3da888a14d
src/main/res/raw/ui_paper_slider_tick.wav,raw,2866,e3ec47d15fe721365e5f2b198840b13641a68353c7ed0c767e84ad3a8d2dc9b4
src/main/res/raw/ui_paper_toggle.wav,raw,6922,2f3a9da6ed23ca5714d58676639089c597dc1bbb44fff5fcfa215f72889488f3
src/main/res/raw/ui_pixel_attachment.wav,raw,12832,a8405687b9abd6fe66fad67ad8e275631b438586120e1216edd39601de4e45bd
src/main/res/raw/ui_pixel_delete.wav,raw,11510,f29b89c6d49860ecbb1a27d464d2a070b345330d2c9b651a34b6712f799de4d8
src/main/res/raw/ui_pixel_edit.wav,raw,9304,928c6a7db8e0fe1891080aa60871addeeb8ba984080e08298fe0b59c9511a89a
src/main/res/raw/ui_pixel_priority.wav,raw,8864,9602267d792f49381847ce290657e1bca5721ed178d39510e3f27053e562db42
src/main/res/raw/ui_pixel_slider_tick.wav,raw,2866,46162a04daab4f94d4e31c58543bf8708021a39b69d17da3980761e8e7c2b3da
src/main/res/raw/ui_pixel_toggle.wav,raw,6922,978711e19eb10e0ab68b83be2c1ff6211a3cabe0d6c6ab3880a58b80992ac847
src/main/res/raw/ui_pop_attachment.wav,raw,11510,834ff86c58ffbe777627f8ea162070ed6e16d4dd6524e75440f40b31c7556006
src/main/res/raw/ui_pop_delete.wav,raw,10628,c08d35c52e31f705a7df864b5a7eb49db1b1bc5739fa5c33e299e88c0f51451a
src/main/res/raw/ui_pop_edit.wav,raw,7982,2bbf7dd6b8c93cfde16028a2138784f6da417bf0876d20588454b9a846e43444
src/main/res/raw/ui_pop_priority.wav,raw,7100,e5db98ed4ed4070070c70c0efde371558601653a1f9c0d5636f407ebb867bfee
src/main/res/raw/ui_pop_slider_tick.wav,raw,1808,c7467a56d76ada0c3bb227bac03222f4c4b31a54dfa05c0c78003a92ba484e23
src/main/res/raw/ui_pop_toggle.wav,raw,4894,4149a68da8a07659865c5e1fa0aeeccdf9a739ffc8300a96c6d71f2f3b07139b
src/main/res/raw/ui_priority.wav,raw,8332,08e0338bf48c18e1cf44727863dc02bef92b74f916aea35bd18c4aa7e7e72abc
src/main/res/raw/ui_prism_attachment.wav,raw,4276,58c72213109e96d4375725cecba5ebf594c5caacab9208a0d4a6d4c31629471a
src/main/res/raw/ui_prism_delete.wav,raw,4630,dcad9b05418dbbb69253381e9483740960ed2ece0e5d6bc3cf7b7a3093ee9edc
src/main/res/raw/ui_prism_edit.wav,raw,3748,e48bf8c081d172be998b0c038aec3d068ff99d91a6a7aca0a90deb53bd8b082e
src/main/res/raw/ui_prism_priority.wav,raw,4454,b23220237fac3a51c40831346ec352fac896fb12cfac2b4c343633bea6c418c7
src/main/res/raw/ui_prism_slider_tick.wav,raw,2160,4e6193e5ba6aebacc7df76db6bd48ec23290bfe46467b4a7c9b6af334f0c838a
src/main/res/raw/ui_prism_toggle.wav,raw,2690,e10291446e54e1c37efe05ab026867f5a282b56aefd9c1679f9383c80a040a50
src/main/res/raw/ui_pulse_attachment.wav,raw,4276,e51e97bfc6f35f8f77259c4bb26eeaa9958914b6719d04c2f6ed849eaa209d96
src/main/res/raw/ui_pulse_delete.wav,raw,5336,fd4ea2bc740a9a02521129c79b6a32ebf5ca92b9b92c1d4dfa052eed8077e135
src/main/res/raw/ui_pulse_edit.wav,raw,3748,1ad9a4eae0baa8b34b612bc40b1af14b4439bb47146e86cc22287ab04b8b55b0
src/main/res/raw/ui_pulse_priority.wav,raw,4012,71e692889e3bc6f6707a087cfced2d5e674397ab1031bb7b683087173cc43db6
src/main/res/raw/ui_pulse_slider_tick.wav,raw,2336,33deea9cd15831f606a8a67caa86cfeea0689e754da3c32661bb6e880247201f
src/main/res/raw/ui_pulse_toggle.wav,raw,2866,fc60a803c8fbf0bc95049af4f9e8c429ed68b5f3303a9d83f9ff763abe59fea3
src/main/res/raw/ui_retro_attachment.wav,raw,11066,d5648383752daff4fdffc071c80ac473a1408547396470eb3fb8478bf698bcf9
src/main/res/raw/ui_retro_delete.wav,raw,11950,dbad48410f0951d7a576c84a31ce4e1f80becfca0b4b5039c08113c48804fd5f
src/main/res/raw/ui_retro_edit.wav,raw,11332,b6e2f08d712710b356d7e5a0d491c1ae4ebec715cc8e429b4c1d60aeae551a7b
src/main/res/raw/ui_retro_priority.wav,raw,8508,a6976d398cfd7f38463ec3a1e8b62aa6fc9c219b82bceb70ba06b56784c0251e
src/main/res/raw/ui_retro_slider_tick.wav,raw,1630,66d83e7d37b58a666b0901246045bad51b3d38ede0fdcee8818530783831749e
src/main/res/raw/ui_retro_toggle.wav,raw,3572,6ebc1f184741ba9bf7edfb3fea4be6f1db7326e4a2ee1846d79bf0f6624cb394
src/main/res/raw/ui_slider_tick.wav,raw,1984,95586b6fd00f4e984489d974f4ddc9b39ff0cd830cc39e44d856350eade06ad3
src/main/res/raw/ui_soft_attachment.wav,raw,13008,5033a8e32c5c033cb502865cd1987a8997f1cac822388c2267f7ff69ffb3c1df
src/main/res/raw/ui_soft_delete.wav,raw,11510,32f6c58f97452554b781502f9e5e8ad6203a2ed60a046a8c8cff0d5729937a68
src/main/res/raw/ui_soft_edit.wav,raw,8864,8861b8fe12ce5da12ccc8a4a53021a8c627296fc07d12a68d1a23bfd44eb01d9
src/main/res/raw/ui_soft_priority.wav,raw,10628,882ecdc30d6d99a2972bd9f513fa5f8679dc74e05f7ea73b013cffb2becf41fd
src/main/res/raw/ui_soft_slider_tick.wav,raw,2160,caa7c6562558d42e4a88c7464cfccbc3590762dd5a2635e0be6cf49dbf4b8a94
src/main/res/raw/ui_soft_toggle.wav,raw,4894,c535c5598490f1485b0b689fc119dbb6759326c3c8e8a9a0680ed5777cb71065
src/main/res/raw/ui_space_attachment.wav,raw,12832,8e34af6e23e29fd4b11489c8305d680bad2e3ca457900a8179e9c153a31ae7a1
src/main/res/raw/ui_space_delete.wav,raw,11510,105ab70f4b7d51efffa30af2b23668ac2c8651ee5facf8783c47dad3545f5e9b
src/main/res/raw/ui_space_edit.wav,raw,9304,e64f8406bbce83c929ce4a3f9fa5c22bac9a59d15126ed395bcbbf1155df7629
src/main/res/raw/ui_space_priority.wav,raw,8864,11f703e4918d811e82bd118a3cd6ca25f0776e36d4c420044de715493bec889a
src/main/res/raw/ui_space_slider_tick.wav,raw,2866,c5042d91af655389d976cdaf111ca957c413519b480274968a039ff5e621db73
src/main/res/raw/ui_space_toggle.wav,raw,6922,dd1d0221b9edeea52f3ccd0130975480df327e8f144c4b0c8eacf92448a1bfdc
src/main/res/raw/ui_synth_attachment.wav,raw,11950,2aeacd2b2b3881914e34c6be23e1d83d4a8fe36fb8f1e9607963a38cea16cfcd
src/main/res/raw/ui_synth_delete.wav,raw,11068,37d2394cef76e6f6fd9fda82679af798f74cc90e9554fcccd1779e48c5611ab4
src/main/res/raw/ui_synth_edit.wav,raw,9304,2cff6e0ed13a1d518d90fdc3725db499197cc904025021368d53556182e0a74a
src/main/res/raw/ui_synth_priority.wav,raw,8422,0855dd66df2344f792460d738895fc3c0d0f3d1326f98ee8ae95710742c3b6fc
src/main/res/raw/ui_synth_slider_tick.wav,raw,2690,a5be434a12aa7c002a7f388509968df367bee4aabd2e637ddb99250a5480827e
src/main/res/raw/ui_synth_toggle.wav,raw,6218,310f91cd92b4ec0792333439ee4823f227a033687605244790056367ef9e89dc
src/main/res/raw/ui_toggle.wav,raw,4454,8fcd475d8f6c8933a8ddbf459a3fd46e2dd908af046edf5e72406bbd57189ba5
src/main/res/raw/ui_typewriter_attachment.wav,raw,12832,4ce8d91f2c7d3dce4b5deddb508bbb7579b6e52582d588cdac891543a1bd47f8
src/main/res/raw/ui_typewriter_delete.wav,raw,11510,311a490a153346fafac640c8d36d55fb7d86662fd9deba3eda957ba57892f873
src/main/res/raw/ui_typewriter_edit.wav,raw,9304,60e3674593eb7ef86de700cc0dfc3ce64a0851357e6eec671ae0b74b782ad647
src/main/res/raw/ui_typewriter_priority.wav,raw,8864,3a38a7f739e7acadec61dbd1e2d7784a623816cdaf7c4cdde28c920774243578
src/main/res/raw/ui_typewriter_slider_tick.wav,raw,2866,d7b97f4163630cb6e0d5784599baca4ce445d0ff5254992914d9bfec1ad25724
src/main/res/raw/ui_typewriter_toggle.wav,raw,6922,192b277b4c3434dc56b6782f8d17b113dd74acd7f82fe9d4c5fa0c7d87d60961
src/main/res/raw/ui_wood_attachment.wav,raw,11950,e66d63c9c1e194eb250b60cb665418cfb890a686976043f2286298cf2627f5d6
src/main/res/raw/ui_wood_delete.wav,raw,11068,0a932726ae986e972de6d37b741f0d56ca0b03e463e31daadc6d71185783bbbc
src/main/res/raw/ui_wood_edit.wav,raw,9304,9128949f9880fda035e63ee0f9b1cda31bf897213e5b36da3c53b9da1052a96f
src/main/res/raw/ui_wood_priority.wav,raw,8422,151b2d74a952218242154eb1594319d3ccab32ea4869ef36af2261958916075f
src/main/res/raw/ui_wood_slider_tick.wav,raw,2690,12a666b7daa97a5829076c797eded31b88dad68aa943742572f8233f7cc1c820
src/main/res/raw/ui_wood_toggle.wav,raw,6218,3dd55afff3e335271de27675d3c198a66e5dce95896b4ebfdd1177772e1e6397
src/main/res/values/colors.xml,values,378,b5626527d503417f0d8e5b1e08f338de7b31173bf0e122815f03e64932adbd88
src/main/res/values/dimens.xml,values,197,1bea5f62543e9b3e9ef824e61af3b28b7ad66051f482d16d6c4eaa420039cab8
src/main/res/values/drawing_strings.xml,values,1533,9d8342947379077b99d2721f37840418a83dcf4fae40e4b896004bf372678540
src/main/res/values/ic_launcher_background.xml,values,123,00420fc774aeb915dc22ba99f71bd62316fd268b311e0387f4278be4ac89f814
src/main/res/values/splash_theme.xml,values,635,01b1b7450f334dd142685bc1e8bf956016c4afb9c7430e78b2fc8a6d06f7dfb3
src/main/res/values/strings.xml,values,11964,35223eb7c37516581a47b1c98c72a918609a63ffa850b13118573bc664a6dcba
src/main/res/values/strings_backup.xml,values,1381,9cfd4f6cbc4a7e525122a244198f984300e43a714237fc568d15201673ac5be6
src/main/res/values/strings_compat.xml,values,879,6f3abce2f54f0cd754f1e10a564ccd51264b73e6f3c904f53472c64242ea546a
src/main/res/values/strings_development.xml,values,15367,45699633047eaad7f31fe922ad60f5607063101fdc12b850aad38bed85ca12fd
src/main/res/values/strings_extreme.xml,values,4729,b37d355b133d1ab4728dc79d537407edf888e3c0e4e34def1e34975a2cbcf147
src/main/res/values/strings_links.xml,values,487,a214016af4c1c1c97b95ce10b74f90c5c673c4e4675e918caae44393cc3ce2f5
src/main/res/values/strings_mockup.xml,values,5296,7364f83982d6b70788cb974c91461c1a4260a6cf43ae2b43dbdb367db74026e9
src/main/res/values/strings_motion.xml,values,3699,8f0dd0403cab4f057b7f058722d07598d27e117944d76f0920097e6c37d633d5
src/main/res/values/strings_option_menu.xml,values,1294,a18ea4e4099690d7346e7935b141996f46ea85f838c8faa1d566b6151dc05c6f
src/main/res/values/strings_panel_tone.xml,values,565,0778048a51b6d9995fb37b9852e212bbfc995c215b0e5b32712cc84fed4a9de1
src/main/res/values/strings_reminders.xml,values,2703,69678c2ee47eb301c19d2b30efd002b91bc4edbb71195fb3f5206f9642aadc5a
src/main/res/values/themes.xml,values,992,22e074b7dc16a276066dd0c0343ee3980f3b7cc4c4ee320b7cd1bc8c6925f111
src/main/res/values/widget_strings.xml,values,1997,bcbf880dae2c83ce0627b770a99e7bc646d17c65b02a515651cd04a7b99416cf
src/main/res/values/widget_styles.xml,values,5821,89de34f2ef94324eff2b8c8b1a06286e460c0bc41fe10923f3e8bf558fa3c128
src/main/res/values-en/drawing_strings.xml,values-en,1486,de4ea59beca6a8d9c2c8fd247ed62f724b5d12824bce58844645ee5050457e8b
src/main/res/values-en/strings.xml,values-en,11482,e4b612863125d01c62c0b64cbaf934fcd735eaa65c0c3a83e53b3fb5414a4190
src/main/res/values-en/strings_backup.xml,values-en,1326,c5b6eee0f29fc42b4ae225ecb9b6646c49b2c7801978d4826c292eb12508e15e
src/main/res/values-en/strings_compat.xml,values-en,843,bf94b7d33259a2bb597ea5162238f9ae31a49de9a91a03242a6b978c968ae691
src/main/res/values-en/strings_development.xml,values-en,14181,95c9580eb2523674884a6e3ee72d41f8f938220a49f6cb293e264db18a742929
src/main/res/values-en/strings_extreme.xml,values-en,4569,267a53ab0488b89df923ada2fc2d0dbdab47ea415ea7569bbe76f84b0b852ca2
src/main/res/values-en/strings_links.xml,values-en,451,754c840cdb766c8b01552fedf71812edcdf2bba60015f936c82f2f8f49a0e4ea
src/main/res/values-en/strings_mockup.xml,values-en,5140,21edc43be5aa8512a60090870443a70e3e808e83881a0835057f3e876747ecd3
src/main/res/values-en/strings_motion.xml,values-en,3565,e59c00b2838f4b31ba1c2577af5f9f813e131fb48c25dc64984485abd012ea1f
src/main/res/values-en/strings_option_menu.xml,values-en,1229,852dd39dd27bf05d57eee22fb0b9dd4c0579633f829ca6a9852610b9e0823e96
src/main/res/values-en/strings_panel_tone.xml,values-en,530,68086d36d86e23cd992ddfcc02837335b6cb922f234d6dedcf39b96b974c2142
src/main/res/values-en/strings_reminders.xml,values-en,2593,50d4fdf372a3457a9f16ed7925d904ab3efb3af521e2f65a65d777c14247ff3b
src/main/res/values-en/widget_strings.xml,values-en,1968,57487dc512ec23e9644039a567a4c84eefd34d9da0ec1096189ca384b6e788a0
src/main/res/values-es/drawing_strings.xml,values-es,1533,9d8342947379077b99d2721f37840418a83dcf4fae40e4b896004bf372678540
src/main/res/values-es/strings.xml,values-es,11964,35223eb7c37516581a47b1c98c72a918609a63ffa850b13118573bc664a6dcba
src/main/res/values-es/strings_backup.xml,values-es,1381,9cfd4f6cbc4a7e525122a244198f984300e43a714237fc568d15201673ac5be6
src/main/res/values-es/strings_compat.xml,values-es,879,6f3abce2f54f0cd754f1e10a564ccd51264b73e6f3c904f53472c64242ea546a
src/main/res/values-es/strings_development.xml,values-es,15367,45699633047eaad7f31fe922ad60f5607063101fdc12b850aad38bed85ca12fd
src/main/res/values-es/strings_extreme.xml,values-es,4729,b37d355b133d1ab4728dc79d537407edf888e3c0e4e34def1e34975a2cbcf147
src/main/res/values-es/strings_links.xml,values-es,487,a214016af4c1c1c97b95ce10b74f90c5c673c4e4675e918caae44393cc3ce2f5
src/main/res/values-es/strings_mockup.xml,values-es,5296,7364f83982d6b70788cb974c91461c1a4260a6cf43ae2b43dbdb367db74026e9
src/main/res/values-es/strings_motion.xml,values-es,3699,8f0dd0403cab4f057b7f058722d07598d27e117944d76f0920097e6c37d633d5
src/main/res/values-es/strings_option_menu.xml,values-es,1294,a18ea4e4099690d7346e7935b141996f46ea85f838c8faa1d566b6151dc05c6f
src/main/res/values-es/strings_panel_tone.xml,values-es,565,0778048a51b6d9995fb37b9852e212bbfc995c215b0e5b32712cc84fed4a9de1
src/main/res/values-es/strings_reminders.xml,values-es,2703,69678c2ee47eb301c19d2b30efd002b91bc4edbb71195fb3f5206f9642aadc5a
src/main/res/values-es/widget_strings.xml,values-es,1997,bcbf880dae2c83ce0627b770a99e7bc646d17c65b02a515651cd04a7b99416cf
src/main/res/values-fr/drawing_strings.xml,values-fr,1546,377fcf43dfc8d3d05ef677f265fa758a9b3dfd183e2e31abee61c4a41e63732d
src/main/res/values-fr/strings.xml,values-fr,12183,d0f292c4e6b6a576f3df6e875ff0935c099489f9882d75a34603e128ee9988b9
src/main/res/values-fr/strings_backup.xml,values-fr,1423,5f9e7e43be31eee6b8ce6922e6188f076f3fe2566f633521bc5731758460bdff
src/main/res/values-fr/strings_compat.xml,values-fr,877,d66aa9763e02327880f948ddcda33f8b953c145308369566c10d1cdc57f0a18e
src/main/res/values-fr/strings_development.xml,values-fr,14955,4030ab1f6168287bb82d3cd207b135e3ee7b28a9eba556cafc50efe89c13c8d8
src/main/res/values-fr/strings_extreme.xml,values-fr,4790,65aa3a41ec5a2b6a26da8d3b2b3b1d4a7aee28f159199c6a377d8331a6f7e889
src/main/res/values-fr/strings_links.xml,values-fr,512,229092383f97571e1ae5f1c4c69703fa1be400c7a76ef5608580cdd38dd6ad8e
src/main/res/values-fr/strings_mockup.xml,values-fr,5363,563a5b0c004d93489582753e68760eb21e2e16cc6cf2ffbc24f72be3d4da2798
src/main/res/values-fr/strings_motion.xml,values-fr,3773,1e97150eeb75a4c06af9b8481d1fab00373514b8ab4d5c9da63b8d3a452216e1
src/main/res/values-fr/strings_option_menu.xml,values-fr,1355,9c874c5ef289924288547105fddca327830936779ccf377fdbbce7d4e8ba8969
src/main/res/values-fr/strings_panel_tone.xml,values-fr,574,c2b6fa3de53c4b52e2807a010324c1b082c58c76968658aaea96323dbbaffa0c
src/main/res/values-fr/strings_reminders.xml,values-fr,2676,255bb74ceb99c5cb8dc156becc9952ac3bdb37a1ae83c998540823f98d4834d4
src/main/res/values-fr/widget_strings.xml,values-fr,2059,762f1dfcc9b0c2098ec5483bf43579b3171ce11841bda119bdca216ce4a1db8c
src/main/res/values-v26/splash_theme.xml,values-v26,584,87e4f352fd4a1aa69f8923aa58046db65e4354d5c2b7ad9b1b991f50052069cd
src/main/res/values-v26/themes.xml,values-v26,695,94a5733b3dff093df44a4f172c272009de418be2a7a4bbf63ca5fe6bc6a45589
src/main/res/values-v31/splash_theme.xml,values-v31,1652,82dcc97b9dbb5624ddd8610e2fb5b6feda7468a088273f8ff3d2bb5c7552c3f4
src/main/res/values-zh-rCN/drawing_strings.xml,values-zh-rCN,1497,02064a376c339e9b03ee21bfc58299fa9d6cb180b9524dfae30fec33312dbf29
src/main/res/values-zh-rCN/strings.xml,values-zh-rCN,11394,969b4442266f0a2b407a0b996df135749c9a6c4188605358d2f41c01d9a3554d
src/main/res/values-zh-rCN/strings_backup.xml,values-zh-rCN,1305,8d6ddf9ac712d19a72b862d8f3d2e6627a1c1bff9e9a608077375601e43bece7
src/main/res/values-zh-rCN/strings_compat.xml,values-zh-rCN,805,6e7d24fbbfa441565bfcdefb63e30a7c3f4c37f665904fd19d13537a44581e43
src/main/res/values-zh-rCN/strings_development.xml,values-zh-rCN,13279,ea25eae6d7fbe90d22d137388c8128e18d34f496fe3245e353bfb22dfd05f140
src/main/res/values-zh-rCN/strings_extreme.xml,values-zh-rCN,4585,6bc1d1ac3ef904e5f2b9989c78a54745c520a0880be7718af22a72bd6446efc4
src/main/res/values-zh-rCN/strings_mockup.xml,values-zh-rCN,5234,203f86fb8522b6a62ff8b21c8f84e5bb5e971f6441977fe4a820362225fc0a4c
src/main/res/values-zh-rCN/strings_motion.xml,values-zh-rCN,3429,77f459c937f52371f4c5bfc7cf7ebd210475a24b63146061359357dd47c377aa
src/main/res/values-zh-rCN/strings_option_menu.xml,values-zh-rCN,1230,e3c510c53269b80efc91256220e128bc56f7d15bf74ac73cbf9d01322d1c9029
src/main/res/values-zh-rCN/strings_panel_tone.xml,values-zh-rCN,517,db6861626055d25d7a94ab9bb6c8eea3b585ff2003cc0c84992d0a6c59bc294d
src/main/res/values-zh-rCN/strings_reminders.xml,values-zh-rCN,2551,82a1d7f53898ce409f0709a8e63a359094939cf8e49afd349cbda92ea454931c
src/main/res/values-zh-rCN/widget_strings.xml,values-zh-rCN,1889,2dbeec5fe1f9de14b85d2a725b573871707f8f43c72700f7a879f90a3cd0d145
src/main/res/xml/backup_rules.xml,xml,478,6cf1a27e6807b1d24e41d3fbe7ddc1bfe1f42226027964f6eaf477d71b43b283
src/main/res/xml/data_extraction_rules.xml,xml,551,cb1fc47ab4a984530ed60e0e6ee638929c3038290e7e7e0b4b03a3a30fbe7381
src/main/res/xml/favorites_widget_info.xml,xml,487,5ef83e4c4371ca63a3678592d07afb26a883144b750887f31ec1a79fb415b136
src/main/res/xml/file_paths.xml,xml,431,c0a876b0f97a3fa110397b8f886c36481aae413d6f19f97fac7abb0a2e30ae49
src/main/res/xml/focus_note_widget_info.xml,xml,489,e0ded6fd9f25464aac43527fae58d3195813439c1f6993f6f96602fd8f1c9be1
src/main/res/xml/quick_note_widget_info.xml,xml,478,57404a8a34fd57c58bcd225f16d2850a3ccc7e64d27db4d25e3e49304c3a17e0
src/main/res/xml/recent_notes_widget_info.xml,xml,493,c7c4e65defa071940be216bdc9ec9890571c875f869bfbb550984264ec20bf84
